"first_name","last_name","company_name","address","city","province","postal","phone1","phone2","email","web","date_of_birth"
"Francoise","Kohlman","Riebesell, H F Jr","2335 Canton Hwy #6","Windsor","ON","N8N 3N2","519-569-8399","519-978-6179","f.kohlman@hotmail.com","http://www.riebesellhfjr.com","1970-11-05"
"Kendra","Yandow","Deloitte & Touche","6 Arch St #9757","Alcida","NB","E8J 2C4","506-363-1526","506-932-4472","kendray@cox.net","http://www.deloittetouche.com","1960-02-17"
"Lourdes","Beliles","Oklahoma Neon Inc","9547 Belmont Rd #21","Belleville","ON","K8P 1B3","613-903-7043","613-638-6682","l.beliles@gmail.com","http://www.oklahomaneoninc.com","2001-12-18"
"Hannah","Helmcamp","M B A Paint Stores","73 Pittsford Victor Rd","Vancouver","BC","V5Z 3K2","604-334-3686","604-692-7694","hannah.helmcamp@helmcamp.org","http://www.mbapaintstores.com","1955-09-20"
"Tom","Sport","Sheraton Shreveport Hotel","447 Commercial St Se","LIle-Perrot","QC","J7V 4T4","514-487-6096","514-727-4760","tom_sport@aol.com","http://www.sheratonshreveporthotel.com","1952-08-20"
"Queenie","Torchio","Goeman Wood Products Inc","47 Garfield Ave","Swift Current","SK","S9H 4V2","306-421-5793","306-302-7591","queeniet@hotmail.com","http://www.goemanwoodproductsinc.com","1962-11-24"
"Hui","Moltz","A Storage Inn Of Gloucester","3 Mill Rd","Baker Brook","NB","E7A 1T3","506-827-7755","506-276-4830","hui.moltz@yahoo.com","http://www.astorageinnofgloucester.com","1952-02-08"
"Josefa","Despain","Norman Gale Isuzu","136 W Grand Ave #3","Delhi","ON","N4B 1C4","519-788-7645","519-526-3721","josefa.despain@hotmail.com","http://www.normangaleisuzu.com","1964-04-28"
"Lea","Brzozowski","James, Christopher Esq","80 Maplewood Dr #34","Bradford","ON","L3Z 2S4","905-618-8258","905-651-3298","lea.brzozowski@aol.com","http://www.jameschristopheresq.com","1981-05-27"
"Paola","Kardell","Congress Title","58 Hancock St","Aurora","ON","L4G 2J7","905-456-1117","905-263-7711","paola_kardell@aol.com","http://www.congresstitle.com","1969-05-20"
"Hortencia","Arredondo","Batavia Chamber Of Commerce","808 Calle De Industrias","New Waterford","NS","B1H 1Z4","902-256-6791","902-370-8282","hortencia.arredondo@arredondo.com","http://www.bataviachamberofcommerce.com","1960-10-21"
"Leanna","Sifford","Stephenson Land Surveying","2859 Dorsett Rd","North York","ON","M9L 2T9","416-719-2114","416-658-1773","l.sifford@sifford.org","http://www.stephensonlandsurveying.com","1993-07-07"
"Danilo","Dicus","Harry L Adams Incorporated","6857 Wall St","Red Deer","AB","T4R 2H5","403-212-4945","403-888-9985","d.dicus@yahoo.com","http://www.harryladamsincorporated.com","1964-10-24"
"Huey","Swartzbeck","Southern Idaho Pipe & Stl Corp","169 Journal Sq","Edmonton","AB","T5P 1G9","780-639-3619","780-520-1241","huey_swartzbeck@swartzbeck.org","http://www.southernidahopipestlcorp.com","1966-02-09"
"Apolonia","Vereen","Kitchen People","3 E 31st St #77","Fredericton","NB","E3G 0A3","506-978-1488","506-221-1874","apolonia_vereen@yahoo.com","http://www.kitchenpeople.com","1967-12-14"
"Chandra","Marien","Meredith Realty Group Inc","7 N Dean St","Etobicoke","ON","M8Z 3P6","416-716-6446","416-822-1760","chandra.marien@marien.com","http://www.meredithrealtygroupinc.com","2001-04-22"
"Crissy","Sammon","Cgi Systems Inc","85 S State St","Barrie","ON","L4N 6T7","705-477-2307","705-523-6746","crissy.sammon@yahoo.com","http://www.cgisystemsinc.com","1980-11-11"
"Gianna","Zinda","All Brevard Cert Apprsls Inc","100 Main St","Calgary","AB","T2K 4X5","403-337-7162","403-540-5944","gianna_zinda@cox.net","http://www.allbrevardcertapprslsinc.com","1982-10-13"
"Valentin","Chreene","General Color Co Inc","6185 Bohn St #72","Pangman","SK","S0C 2C0","306-291-5073","306-316-7477","v.chreene@aol.com","http://www.generalcolorcoinc.com","1973-07-29"
"Ilona","Granier","Adams Balcom & Larose Pc","2 Sutton Pl S #5727","Rouyn-Noranda","QC","J9X 3V4","819-536-7034","819-413-1530","ilonagranier@cox.net","http://www.adamsbalcomlarosepc.com","1967-10-23"
"Willard","Logwood","Mershon Metal Specialties Inc","1534 Sidco Dr","Leduc","AB","T9E 5A6","780-384-5410","780-835-8022","w.logwood@cox.net","http://www.mershonmetalspecialtiesinc.com","1981-03-11"
"Lauryn","Sandusky","Judy, Henry L Esq","4207 Leon Rd","North Vancouver","BC","V7L 3X6","604-236-4625","604-597-5482","lauryn.sandusky@cox.net","http://www.judyhenrylesq.com","1999-11-27"
"Laurena","Mcshaw","Barry, Anthony S Esq","7564 N Academy Ave","London","ON","N6A 1S5","519-790-8660","519-942-6403","l.mcshaw@cox.net","http://www.barryanthonysesq.com","1972-09-06"
"Elise","Haberle","Thurman, William T Esq","88 E Saint Elmo Rd","Hamilton","ON","L8R 3J3","905-652-4509","905-695-9406","elise.haberle@hotmail.com","http://www.thurmanwilliamtesq.com","1969-03-17"
"Corrie","Hairr","Lynch, Steven J Esq","75 Westchester Ave","Pierrefonds","QC","H9J 1W6","514-203-7817","514-329-4482","corrie.hairr@hotmail.com","http://www.lynchstevenjesq.com","1986-08-03"
"Kimberely","Tuazon","Carey, Paul D Esq","89 W 35th St #1","Windsor","ON","N8S 3R1","519-912-5533","519-814-7675","kimberely.tuazon@hotmail.com","http://www.careypauldesq.com","1978-08-19"
"Tish","Mccarley","Electro Arc Manufacturing Co","1 Norris Ave #4095","Laval","QC","H7W 5K7","450-840-7605","450-571-7613","tishmccarley@gmail.com","http://www.electroarcmanufacturingco.com","1978-12-16"
"Hollis","Tesseneer","Feehan Plumbing & Heating","5174 Interstate 45 N","Yellowhead County","AB","T7E 3A7","780-574-5620","780-994-8693","hollis.tesseneer@hotmail.com","http://www.feehanplumbingheating.com","1999-09-21"
"Andree","Vitrano","Easton Cooperative Bank","765 Rock Island Rd","Strathroy","ON","N7G 3K6","519-872-6826","519-648-4096","a.vitrano@hotmail.com","http://www.eastoncooperativebank.com","1982-04-04"
"Lyla","Helander","Hambro Forest Products Inc","7979 33  191","North River","NS","B6L 6N1","902-844-1174","902-727-6846","lyla.helander@helander.com","http://www.hambroforestproductsinc.com","1951-06-05"
"Felton","Hegdahl","Penkava, Robert Md","202 Madison Ave","Ottawa","ON","K1Y 1M2","613-749-1169","613-603-5671","f.hegdahl@aol.com","http://www.penkavarobertmd.com","1982-04-03"
"Dell","Spannuth","Saint John Neumann Nurse Home","56 Corporate Dr","Becancour","QC","G9H 1H7","819-255-1725","819-960-7659","dell_spannuth@yahoo.com","http://www.saintjohnneumannnursehome.com","1986-06-21"
"Nohemi","Lortz","Bohne, Karl W Jr","37 Us Highway 12e E #6","Sault Ste. Marie","ON","P6C 2C8","705-838-9265","705-876-8353","nohemil@aol.com","http://www.bohnekarlwjr.com","1957-05-17"
"Tambra","Letran","Moore, Albert F Esq","6734 W Jackson Blvd","Salmon Arm","BC","V1E 4G9","250-353-7479","250-437-2898","tambra.letran@cox.net","http://www.moorealbertfesq.com","1969-01-31"
"Vicki","Roseum","George Bigham & Associates","7 Tomahawk Dr","Richmond","BC","V7A 3N1","604-231-6180","604-518-2078","vicki_roseum@gmail.com","http://www.georgebighamassociates.com","1991-02-26"
"Renato","Geberth","Super 8 Motel","1 Vernon Blvd","Calgary","AB","T2A 2H9","403-444-2250","403-232-4114","r.geberth@geberth.com","http://www.supermotel.com","1981-04-21"
"Lenita","Naddeo","Ball, David S","2726 Franklin Hill Rd","Vernon","BC","V1T 7V8","250-749-4517","250-607-3667","lnaddeo@naddeo.org","http://www.balldavids.com","1980-02-25"
"Barney","Fajen","Fox Vision Center","6335 Fort Myer Dr","Saint-Hyacinthe","QC","J2S 2N3","450-526-5424","450-755-7626","barneyfajen@aol.com","http://www.foxvisioncenter.com","1997-06-12"
"Matthew","Hermon","Livingston & Schneider Pc","220 Old Us Highway 441","Peterborough","ON","K9H 6C3","705-417-7221","705-937-7391","mhermon@cox.net","http://www.livingstonschneiderpc.com","1995-01-02"
"Belen","Anstead","A Peter Howell Pc","77 Central Pky N","Quesnel","BC","V2J 1N4","250-768-5812","250-801-3234","belen.anstead@hotmail.com","http://www.apeterhowellpc.com","1952-12-26"
"Iesha","Richrdson","Honker Cut Marine","781 Alabama Ave","Etobicoke","ON","M8Z 2C1","416-989-2001","416-615-4957","irichrdson@richrdson.org","http://www.honkercutmarine.com","1971-02-14"
"Francesco","Pospishil","Gabriel & Associates","22 Dearborn St","Regina","SK","S4T 4B1","306-524-4509","306-353-2821","francesco_pospishil@aol.com","http://www.gabrielassociates.com","1995-09-30"
"Paulene","Wasurick","Beck Corporation","21 E 64th Ave","Matane","QC","G4W 3G6","418-348-2107","418-378-2652","paulene_wasurick@hotmail.com","http://www.beckcorporation.com","1963-05-03"
"Carole","Crocker","Kolodny, Howard Esq","9 N Central Ave","Abbotsford","BC","V2S 5R3","604-262-8556","604-598-8225","ccrocker@cox.net","http://www.kolodnyhowardesq.com","1951-09-08"
"Miss","Rowe","Mcgladrey & Pullen","38 Douglas Rd E #39","Regina","SK","S4R 1J5","306-508-8874","306-844-7974","miss.rowe@aol.com","http://www.mcgladreypullen.com","1955-03-07"
"Elfrieda","Fitgerald","Y 105 Kgfy","4929 Sidney St #8276","Vernon","BC","V1T 4A3","250-454-9384","250-243-5520","elfrieda_fitgerald@cox.net","http://www.ykgfy.com","1974-03-03"
"Edelmira","Greeves","Chagrin Wine & Beverage Co","4936 Walcott Rd","Regina","SK","S4R 3M1","306-611-7185","306-432-3860","edelmira.greeves@cox.net","http://www.chagrinwinebeverageco.com","1961-02-13"
"Jaime","Gudiel","Lewis, George L Esq","6760 E Fayette St #9","Saint-Damien","QC","J0K 2N1","450-531-8633","450-988-2708","jaime.gudiel@gmail.com","http://www.lewisgeorgelesq.com","1974-03-07"
"Lera","Masso","York Services Landscpg Divsn","6638 S Webster St #491","Miramichi","NB","E1V 2N4","506-556-4300","506-802-9529","lera.masso@hotmail.com","http://www.yorkserviceslandscpgdivsn.com","1951-09-15"
"Jame","Jacocks","Janney Montgomery Scott Inc","4465 James St","Kitchener","ON","N2N 1Y6","519-920-7003","519-719-2960","j.jacocks@gmail.com","http://www.janneymontgomeryscottinc.com","1994-01-10"
"Jillian","Plantenberg","Global Securities Info Inc","8721 Everett Rd","Mississauga","ON","L4Z 2V7","905-864-2257","905-995-7113","jillian_plantenberg@cox.net","http://www.globalsecuritiesinfoinc.com","1970-10-13"
"Louis","Diebold","Dealers Mfg Co","6 E Kingsbridge Rd","Stoneham-Et-Tewkesbury","QC","G3C 2A8","418-568-3216","418-396-2430","l.diebold@diebold.com","http://www.dealersmfgco.com","1984-01-08"
"Emmett","Mamudoski","Yaffa, Michael Esq","920 Union Blvd","Sault Ste. Marie","ON","P6B 5Y2","705-581-1220","705-779-8510","emmett_mamudoski@cox.net","http://www.yaffamichaelesq.com","1987-07-21"
"Tammy","Vielma","Photos Inc","5 Secaucus Rd","Nanaimo","BC","V9R 5W6","250-226-1002","250-625-6517","tammy_vielma@aol.com","http://www.photosinc.com","1986-02-20"
"Willis","Plikerd","Acquired Knowledge Inc","646 9th St","Saint-Raymond","QC","G3L 3X9","418-833-1949","418-933-6430","willis_plikerd@cox.net","http://www.acquiredknowledgeinc.com","1973-07-20"
"Maxima","Jobst","B Js Body Shop","864 Aupuni St","St Catharines","ON","L2T 2V2","905-569-6732","905-595-2866","m.jobst@jobst.org","http://www.bjsbodyshop.com","1983-11-09"
"Boris","Evartt","Emlou Boutique","9390 Fortin Dr","Quebec","QC","G1M 2H8","418-459-4884","418-668-9068","boris_evartt@evartt.com","http://www.emlouboutique.com","1976-08-15"
"Salina","Hoerter","Schiller & Osbourn","4 Newark St","Arnprior","ON","K7S 2G8","613-280-7170","613-942-9083","salinah@hoerter.com","http://www.schillerosbourn.com","1957-09-02"
"Justa","Kaper","Superior Coffee & Foods","8 J St","Vernon","BC","V1T 6J8","250-982-9377","250-460-8500","justa.kaper@aol.com","http://www.superiorcoffeefoods.com","1961-07-24"
"Amalia","Armacost","Knutson, Becky S Esq","394 Dice Rd #861","Windsor","ON","N8N 3V8","519-219-3608","519-885-5104","amalia_armacost@gmail.com","http://www.knutsonbeckysesq.com","1994-01-26"
"Felix","Peth","Corinth Dry Cleaners","92 W 39th St #9990","London","ON","N6G 3E5","519-426-7161","519-845-2626","felixp@aol.com","http://www.corinthdrycleaners.com","1957-10-23"
"Eura","Reider","Graphic Color Litho Inc","9 N Monroe St","Lloydminster","SK","S9V 0C6","306-979-2571","306-813-8269","e.reider@aol.com","http://www.graphiccolorlithoinc.com","2001-03-12"
"Frank","Neelon","Preferred Service Group Inc","2 Global Rd","Cambridge","ON","N1R 2X2","519-985-7311","519-864-3447","f.neelon@cox.net","http://www.preferredservicegroupinc.com","1971-06-21"
"Agustin","Billow","Thrasher, John E Esq","23 E Wacker Dr #64","Becancour","QC","G9H 4T4","819-365-5394","819-820-9025","agustin_billow@billow.com","http://www.thrasherjohneesq.com","1964-02-06"
"Jaime","Doscher","Sams Liquor & Deli","1 Nw 167th St","Winnipeg","MB","R3J 2Z1","204-438-6204","204-941-5253","jaime.doscher@doscher.org","http://www.samsliquordeli.com","1999-08-10"
"Carman","Quinlisk","Weiss, Martin Esq","1 Frontage Rd","St. Johns","NL","A1B 5B3","709-366-8943","709-882-9189","carman.quinlisk@aol.com","http://www.weissmartinesq.com","1995-06-29"
"Argelia","Conger","Medical Productions","5 Columbia","North Vancouver","BC","V7J 2J9","604-823-2881","604-904-3459","argelia_conger@aol.com","http://www.medicalproductions.com","1954-07-31"
"Mammie","Masiejczyk","Arellano, Cecilia S Md","14 E 30th St","Montreal","QC","H1E 1R4","514-205-4258","514-841-9635","mammie.masiejczyk@cox.net","http://www.arellanoceciliasmd.com","1985-07-26"
"Rashad","Dorio","World Sign Associates","8 Commercial Ave","Carleton Place","ON","K7C 2T3","613-697-2555","613-841-5430","rashad.dorio@cox.net","http://www.worldsignassociates.com","1974-07-03"
"Janna","Peets","Hastings, Robert R Jr","41 Drive  Hwy 54s S","Vancouver","BC","V6N 3C5","604-575-7837","604-519-7671","janna.peets@hotmail.com","http://www.hastingsrobertrjr.com","1979-10-31"
"Callie","Frymark","Shields, Sheridn Cpa","6601 Park Ave #9924","Mississauga","ON","L4T 0A1","905-465-6909","905-894-7244","callie.frymark@gmail.com","http://www.shieldssheridncpa.com","1974-11-25"
"Coral","Lowrance","Hepco Inc","4184 E 142nd St","Toronto","ON","M5V 0B4","416-589-6075","416-469-6933","c.lowrance@lowrance.org","http://www.hepcoinc.com","1978-09-07"
"Xenia","Luong","Institute For Law & Jstc Inc","1 El Camino Ave #39","Kingston","ON","K7K 1P6","613-714-1829","613-877-4457","xenia_luong@gmail.com","http://www.instituteforlawjstcinc.com","1995-10-24"
"Adelle","Lamastus","John J Mccarthy Agency Inc","10 Midway Dr","Thorold","ON","L2V 5C7","905-998-3758","905-848-6892","adelle_lamastus@lamastus.com","http://www.johnjmccarthyagencyinc.com","1976-10-03"
"Hildegarde","Rolling","Ocean State Rental Corp","2 Cottman Ave","West Vancouver","BC","V7T 1R7","604-960-7463","604-475-5636","hrolling@rolling.org","http://www.oceanstaterentalcorp.com","1980-08-17"
"Phuong","Lembke","Scholtes, William E Esq","8926 E 119th St #9","Lavaltrie","QC","J5T 2C7","450-501-4406","450-760-5225","p.lembke@lembke.org","http://www.scholteswilliameesq.com","1984-09-11"
"Leontine","Works","Caffrey, John F Esq","191 Richland St #5","Quebec","QC","G1J 4B2","418-271-8667","418-975-7693","leontine.works@cox.net","http://www.caffreyjohnfesq.com","1967-05-02"
"Darell","Eskew","Janney Montgomery Scott Inc","8 E 92nd St","Ajax","ON","L1S 6V3","905-846-7737","905-741-3908","d.eskew@eskew.com","http://www.janneymontgomeryscottinc.com","1963-08-20"
"Madonna","Daneker","Brown, Glenn Esq","283 Andover St","Castlegar","BC","V1N 3P7","250-307-7698","250-281-5616","m.daneker@daneker.com","http://www.brownglennesq.com","1973-12-26"
"Chuck","Yafuso","Weyerhaeuser Paper Co","764 Louisville Plac","St. Johns","NL","A1E 2L8","709-534-6576","709-374-6188","c.yafuso@gmail.com","http://www.weyerhaeuserpaperco.com","2000-04-07"
"Gregg","Cloutier","Best Western Sterling House","59 W Jackson Blvd #11","Lasalle","QC","H8R 3T2","514-302-4158","514-293-8889","g.cloutier@hotmail.com","http://www.bestwesternsterlinghouse.com","1975-09-18"
"Yan","Vinroe","Database Programming & Design","712 N 5th St","Grand Manan","NB","E5G 1L1","506-493-4894","506-822-2002","yan_vinroe@gmail.com","http://www.databaseprogrammingdesign.com","1976-12-07"
"Stephanie","Nosis","Brown Shoe Co","6 L St #1761","Kanata","ON","K2T 1G5","613-557-7338","613-998-1215","s.nosis@yahoo.com","http://www.brownshoeco.com","1966-12-05"
"Alberto","Mesmer","Dowell Associates Inc","6126 E 14th St #6","St Catharines","ON","L2N 6C7","905-435-9456","905-433-2538","alberto.mesmer@mesmer.org","http://www.dowellassociatesinc.com","1971-12-07"
"Wayne","Balonek","Ram Page","865 Ponce De Leon Blvd","Chicoutimi","QC","G7H 6A2","418-374-1965","418-323-3965","w.balonek@balonek.com","http://www.rampage.com","1990-09-06"
"Kristal","Opitz","L A Kennedy Inc","896 Pershing Ave","Paradise","NL","A1L 2Y8","709-976-5766","709-937-7068","kristal.opitz@opitz.org","http://www.lakennedyinc.com","1978-09-15"
"Florencia","Wrinkle","Cornwell, Michael C Esq","178 Riverdale Rd","Ingersoll","ON","N5C 2W2","519-961-7871","519-283-2137","florenciawrinkle@wrinkle.org","http://www.cornwellmichaelcesq.com","1955-12-13"
"Darrin","Vilven","Metro Press","4 Pedretti Ave #2","Saskatoon","SK","S7H 1X9","306-748-5721","306-438-8135","d.vilven@vilven.org","http://www.metropress.com","1968-03-18"
"Freeman","Bellis","Ramsey Secretarial Service","4 W Sedgley Ave","Otterburn Park","QC","J3H 4V8","450-347-6388","450-586-7429","freeman.bellis@gmail.com","http://www.ramseysecretarialservice.com","1990-06-01"
"Lazaro","Ziller","United Drilling Inc","31 E Middlefield Rd #8555","Beloeil","QC","J3G 3J4","450-356-6427","450-270-3903","lazaro.ziller@cox.net","http://www.uniteddrillinginc.com","1974-11-15"
"Ellsworth","Talty","Peyote Bird Designs","7662 Us Highway 46 #9003","Napanee","ON","K7R 1K5","613-862-4724","613-414-6589","ellsworth_talty@talty.org","http://www.peyotebirddesigns.com","1987-01-24"
"Brinda","Wolfgang","Gittleman Muhlstock","1 Park Ave","Newbridge","NB","E7N 1J4","506-392-8334","506-912-9599","brinda.wolfgang@wolfgang.org","http://www.gittlemanmuhlstock.com","1965-11-13"
"Florinda","Brang","Hoyt, Robert F Esq","2782 Midland Ave","Dieppe","NB","E1A 8X6","506-230-8075","506-590-6765","florinda_brang@aol.com","http://www.hoytrobertfesq.com","1975-03-27"
"Nadine","Hinsch","Contact Enterprises","3 Federal Blvd","Beloeil","QC","J3G 4M4","450-353-2331","450-552-2449","nadine.hinsch@hinsch.org","http://www.contactenterprises.com","1952-04-25"
"Arlette","Storrs","A All In One Construction","485 Rolling Rd","Lasalle","QC","H8R 3C2","514-459-6883","514-330-7587","arlette_storrs@cox.net","http://www.aallinoneconstruction.com","1989-01-11"
"Adolph","Snelling","Sas Rubber Inc","6605 Federal St","Etobicoke","ON","M8Y 3L6","416-736-1436","416-293-9664","adolphs@gmail.com","http://www.sasrubberinc.com","2000-09-27"
"Georgiana","Steinhaus","Stewart Filmscreen Corp","505 E 9mile Rd","Sainte-Therese","QC","J7E 3C9","450-409-1254","450-825-8316","georgiana_steinhaus@cox.net","http://www.stewartfilmscreencorp.com","1984-03-03"
"Rana","Kana","Freeman, Steven R Esq","32 Rocklyn Ave","Milton","ON","L9T 5W8","905-286-8285","905-602-1487","rana.kana@kana.com","http://www.freemanstevenresq.com","1957-12-05"
"Chi","Selfe","Holmes, Armstead J Esq","2953 5th Ave #27","Saint-Raymond","QC","G3L 3K2","418-922-5578","418-327-9560","chi.selfe@cox.net","http://www.holmesarmsteadjesq.com","1982-10-09"
"Starr","Kast","Gs Roofing Company","133 Us Highway 206","Chicoutimi","QC","G7H 4M5","418-811-3750","418-867-8129","starrk@yahoo.com","http://www.gsroofingcompany.com","1961-12-02"
"Glennis","Hummell","York Services Landscpg Divsn","1 Pershing Ave","Brandon","MB","R7A 4C6","204-514-9319","204-206-2818","glennis.hummell@hotmail.com","http://www.yorkserviceslandscpgdivsn.com","1998-11-30"
"Thea","Steinhorst","Anderson Heather Zane","402 Santa Isabel Ave","Sept-Iles","QC","G4S 1Z5","418-360-6739","418-579-7203","theasteinhorst@steinhorst.com","http://www.andersonheatherzane.com","1980-01-02"
"Rosalind","Mathiasen","Grand Prairie Chamber Commrce","86 Shady Run Rd","Kanata","ON","K2M 1E6","613-975-5760","613-310-5882","rosalindm@hotmail.com","http://www.grandprairiechambercommrce.com","1977-03-11"
"Shenika","Beachel","Helco Sales Co","4 Collier Rd Nw","Ottawa","ON","K1S 1N5","613-219-1869","613-639-9327","shenika.beachel@aol.com","http://www.helcosalesco.com","1992-07-18"
"Veta","Areizaga","Rickard, Deborah S","940 E Jefferson Ave","Juniper","NB","E7L 1G1","506-996-1241","506-589-3482","veta.areizaga@hotmail.com","http://www.rickarddeborahs.com","1955-10-04"
"Herschel","Walen","Molded Dimensions Inc","7753 W 8th","Toronto","ON","M4V 1Y3","416-786-7887","416-325-4082","herschel_walen@aol.com","http://www.moldeddimensionsinc.com","1953-10-17"
"Dianne","Delacerda","Samios, Gus Esq","53 6  17 M At Bradleys","Dartmouth","NS","B2Y 3L2","902-938-6891","902-250-5089","d.delacerda@hotmail.com","http://www.samiosgusesq.com","1975-12-04"
"Micah","Rollison","Fairfield Inn","103 Madison Ave","St. Johns","NL","A1E 2J5","709-581-5842","709-472-4405","micah_rollison@rollison.com","http://www.fairfieldinn.com","1989-05-05"
"Kaycee","Rubarts","A & H Sptc Systems & Matl Inc","8788 E 64th Ave","Vancouver","BC","V6R 1N3","604-992-6045","604-609-6898","kaycee_rubarts@aol.com","http://www.ahsptcsystemsmatlinc.com","1956-02-01"
"Tesha","Purslow","Butler Tool & Design Inc","831 Vanowen St #5","Montreal","QC","H4K 2N2","514-432-5290","514-232-9502","tesha.purslow@purslow.com","http://www.butlertooldesigninc.com","1984-06-25"
"Marya","Sabota","Auchter Industrial Vac Inc","661 Pitkin Ave","Calgary","AB","T3Z 3S8","403-382-4146","403-980-7897","marya.sabota@sabota.com","http://www.auchterindustrialvacinc.com","1970-12-07"
"Ronnie","Betterton","Pure Wtr Inc Wrldwd Corprt","3 Avenue Rt 295 #199","Halifax","NS","B3H 1M2","902-367-7042","902-331-8779","ronnie.betterton@yahoo.com","http://www.purewtrincwrldwdcorprt.com","1982-06-19"
"Mabel","Tryninewski","Swartz, John L Esq","709 W Waters Ave","Chicoutimi","QC","G7H 3T5","418-339-7473","418-795-6863","m.tryninewski@gmail.com","http://www.swartzjohnlesq.com","1963-08-14"
"Harley","Cutsforth","Alliance Construction Co Inc","27 Spring St","Woodstock","ON","N4S 2K1","519-913-7772","519-633-3173","h.cutsforth@cutsforth.org","http://www.allianceconstructioncoinc.com","1980-10-11"
"Joye","Mcloud","Valley Credit Union","9 Court St","Regina","SK","S4N 3J4","306-991-3698","306-775-6775","jmcloud@cox.net","http://www.valleycreditunion.com","1968-06-28"
"Luisa","Hofbauer","Level Export Sales Corp","82 Westminster Blvd","Vancouver","BC","V5X 2B5","604-399-1449","604-967-7334","l.hofbauer@cox.net","http://www.levelexportsalescorp.com","1988-03-20"
"Stacey","Mcelreath","Electrical Workers Unon Ibew","5039 Coffee Rd","Scarborough","ON","M1K 1H4","416-310-1610","416-753-5069","stacey.mcelreath@yahoo.com","http://www.electricalworkersunonibew.com","1970-06-30"
"Reyes","Windell","Richardson, David J Esq","9 E Thayer Ave #3","Hamilton","ON","L8S 2N1","905-402-9203","905-297-5980","rwindell@cox.net","http://www.richardsondavidjesq.com","1961-02-11"
"Avery","Cilento","Carriage House Cllsn Rpr Inc","1 Highland Ave","Maple Ridge","BC","V4R 1Z3","604-548-4412","604-855-5368","avery.cilento@gmail.com","http://www.carriagehousecllsnrprinc.com","1959-08-08"
"Colby","Billa","Mass Human Services Coalition","7 E 1st St","Barrie","ON","L4N 3M9","705-668-5094","705-288-6886","colby_billa@yahoo.com","http://www.masshumanservicescoalition.com","1993-05-28"
"Afton","Deppen","Super 8 Motel","652 5th Ave","Ottawa","ON","K1N 6S5","613-851-7883","613-887-9528","adeppen@cox.net","http://www.supermotel.com","1967-09-20"
"India","Epperheimer","Fashion Shop & Save","162 Sunrise Plz","Toronto","ON","M5N 1J1","416-866-6707","416-539-4631","india_epperheimer@aol.com","http://www.fashionshopsave.com","1966-03-27"
"Brunilda","Airhart","Young Contractors Inc","300 Congers Rd #77","Saint-Paul","NB","E4T 3B9","506-327-7460","506-881-6523","brunildaa@hotmail.com","http://www.youngcontractorsinc.com","1986-02-26"
"Jenifer","Buettner","Bambrickv, Timothy F Esq","78 152nd Ave #4179","Duncan","BC","V9L 4G2","250-947-2063","250-845-8934","j.buettner@buettner.org","http://www.bambrickvtimothyfesq.com","1993-02-23"
"Makeda","Haycock","Lloyds Screenprinting","956 Sierra Ave","Toronto","ON","M5K 1A1","416-827-4082","416-523-2691","makeda.haycock@cox.net","http://www.lloydsscreenprinting.com","1989-10-24"
"Vivan","Mahlum","Record Journal","4696 Alewa Dr","Swift Current","SK","S9H 3S9","306-325-3090","306-606-8869","vivan.mahlum@hotmail.com","http://www.recordjournal.com","1985-03-03"
"Eric","Kitchens","Moriah Fund Inc","732 Congress St","Saint-Georges","QC","G5Z 0N4","418-274-7373","418-389-1370","eric.kitchens@yahoo.com","http://www.moriahfundinc.com","1973-03-08"
"Thersa","Lakatos","Herstein, Elliot J","863 E Mcdowell Rd","Kamloops","BC","V2C 6S8","250-540-5275","250-359-4646","t.lakatos@hotmail.com","http://www.hersteinelliotj.com","1963-01-05"
"Mindy","Meisel","Gavin, William H Esq","82 Us Highway 111","Vancouver","BC","V5X 3K2","604-213-8721","604-936-4293","m.meisel@yahoo.com","http://www.gavinwilliamhesq.com","1974-11-10"
"Luis","Harnist","Hyman And Lippitt","8868 S Arroyo Pkwy #996","Trois-Rivieres","QC","G8V 2J6","819-860-8913","819-747-5807","luis.harnist@hotmail.com","http://www.hymanandlippitt.com","1957-11-27"
"Dawne","Madson","Bridger Scientific Inc","25 Keystone Xing","Stoney Creek","ON","L8E 2E4","905-760-9649","905-999-2576","dawne_madson@madson.org","http://www.bridgerscientificinc.com","1959-06-09"
"Karrie","Fucillo","Lohmeyer Corrigan Taylor Pc","491 Main St #893","Kamloops","BC","V2B 7X9","250-384-7658","250-661-6367","karrie_fucillo@cox.net","http://www.lohmeyercorrigantaylorpc.com","1955-07-30"
"Mozelle","Foulds","Comfort Inn Of Lincoln","523 Spencerville Ct","Mount Pisgah","NB","E4G 1E8","506-573-3112","506-834-4114","m.foulds@hotmail.com","http://www.comfortinnoflincoln.com","1999-01-25"
"Mila","Collopy","Bobby Reed Attorney At Law","515 S Main St","Saint-Leonard","QC","H1P 1M8","514-945-2978","514-363-9034","milac@aol.com","http://www.bobbyreedattorneyatlaw.com","1984-07-20"
"Gilma","Shintaku","Celestin Design Centre","147 E Centre St","Halifax","NS","B3H 4E1","902-804-8543","902-756-4703","g.shintaku@shintaku.org","http://www.celestindesigncentre.com","1970-12-14"
"Armanda","Mushero","Voils, Otis V","989 Wyatt Dr #7","Cowansville","QC","J2K 2M6","450-866-7181","450-681-1613","armanda.mushero@aol.com","http://www.voilsotisv.com","1964-03-18"
"Vonda","Abney","Crisell Cohee & Co","9891 Main St","Mirabel","QC","J7J 1G7","450-706-3809","450-473-8682","vondaa@hotmail.com","http://www.crisellcoheeco.com","2000-11-22"
"Truman","Maury","Metz, Roger E Esq","1657 N Green St","Peterborough","ON","K9J 0A1","705-757-7389","705-234-5820","truman.maury@hotmail.com","http://www.metzrogereesq.com","1992-12-19"
"Elvis","Czaplinski","Beloit Boxboard Co","6437 Date Palm Dr","Calgary","AB","T2B 0X5","403-415-1285","403-329-4641","elvis.czaplinski@czaplinski.com","http://www.beloitboxboardco.com","1983-02-26"
"Loise","Frere","Magnotta Construction Co Inc","1062 Rd","Saskatoon","SK","S7K 5J3","306-964-9291","306-310-4288","loise.frere@yahoo.com","http://www.magnottaconstructioncoinc.com","1978-09-14"
"Jannette","Kylish","Reif, W Michael Esq","73 Madison Ave","Vancouver","BC","V6L 2V9","604-953-5335","604-889-3061","j.kylish@aol.com","http://www.reifwmichaelesq.com","1997-07-14"
"Margo","Caneles","Muscle Bound Bindery","344 Lyndon St","Concord","ON","L4K 1J7","905-781-3868","905-855-2524","margoc@caneles.com","http://www.muscleboundbindery.com","1954-12-05"
"Dahlia","Kesten","Doco School Empl Fed Crdt Un","3986 Home Life","Alma","QC","G8B 1K7","418-344-9993","418-720-5596","d.kesten@yahoo.com","http://www.docoschoolemplfedcrdtun.com","1971-10-23"
"Dominga","Pelletier","Scott & Murphy Inc","68 Dd N #1","Trois-Rivieres","QC","G8T 7G3","819-627-1581","819-974-1149","dominga.pelletier@cox.net","http://www.scottmurphyinc.com","1987-09-03"
"Hollis","Dubray","Amsterdam News","27 7th St","Keswick","ON","L4P 1V3","905-928-5294","905-356-3061","hollis_dubray@dubray.com","http://www.amsterdamnews.com","1995-01-29"
"Carry","Kotz","Hatboro Delivery Service","8 Maynesboro St","Strathroy","ON","N7G 3H9","519-847-8783","519-902-8276","carry_kotz@kotz.org","http://www.hatborodeliveryservice.com","1986-05-25"
"Bong","Rabago","Cabot Safety Corp Aorx Center","7 State St #1","Pierrefonds","QC","H9H 3C8","514-308-1992","514-798-2801","bong_rabago@hotmail.com","http://www.cabotsafetycorpaorxcenter.com","1995-04-23"
"Yolande","Pezley","Williams Jamal Ltd","21 N 14th St","Orleans","ON","K1C 3C7","613-700-7712","613-896-1928","y.pezley@cox.net","http://www.williamsjamalltd.com","1984-09-12"
"Lottie","Leko","Management Protection Services","45 W 21st St","Unionville","ON","L3R 2H1","905-638-1034","905-780-4717","lottiel@aol.com","http://www.managementprotectionservices.com","1962-04-01"
"Jose","Bacho","Nicks Printing","93 Law Dr","Pierrefonds","QC","H9J 1W6","514-211-3774","514-504-3039","jose.bacho@cox.net","http://www.nicksprinting.com","1975-09-12"
"Tuyet","Shadle","Gibbard, H Frank Iii","976 Cozycroft Ave","Richmond Hill","ON","L4E 4P3","905-790-7938","905-876-7283","tuyet.shadle@shadle.com","http://www.gibbardhfrankiii.com","1964-10-16"
"Pearline","Zoldak","Information Marketing Svc Inc","611 S 2nd St","Concord","ON","L4K 1V4","905-734-9102","905-871-6252","pearline.zoldak@hotmail.com","http://www.informationmarketingsvcinc.com","1959-04-06"
"Robt","Bultron","Joseph Notarianni & Co","3780 Ronson Rd","Quebec","QC","G1L 4H3","418-874-8104","418-997-2257","robt_bultron@bultron.org","http://www.josephnotariannico.com","2000-11-03"
"Shawnee","Pesqueira","N Amercn Min & Quar Equip Inc","5 W Irving Park Rd","Big Ridge","NS","B1K 1X8","902-208-1038","902-514-6214","s.pesqueira@hotmail.com","http://www.namercnminquarequipinc.com","1992-02-29"
"Lacresha","Oppy","John Drew Theater Of Gld Hall","48 Bernardo Cent","Vaudreuil-Dorion","QC","J7V 5V8","450-213-1080","450-248-5946","lacresha_oppy@gmail.com","http://www.johndrewtheaterofgldhall.com","1961-04-23"
"Basilia","Heuring","Ariz Association Of Life Und","45 S Wells Ave","Quebec","QC","G1H 1A6","418-386-6120","418-417-9632","basilia_heuring@cox.net","http://www.arizassociationoflifeund.com","1978-04-23"
"Aleisha","Sine","Hi Port Distribtg Inc","960 Deming Way","Quebec","QC","G1C 5G2","418-408-1640","418-915-1088","aleishasine@sine.com","http://www.hiportdistribtginc.com","1978-05-21"
"Frank","Dudash","Interlink Marketing Inc","462 2nd St","Prince Albert","SK","S6V 6E5","306-653-1772","306-265-2144","fdudash@dudash.com","http://www.interlinkmarketinginc.com","2001-10-27"
"Ria","Presnal","D H Auto Equip Inc","269 Commercial Dr","Jonquiere","QC","G7S 2S3","418-319-1374","418-221-6034","r.presnal@yahoo.com","http://www.dhautoequipinc.com","1987-08-24"
"Carla","Dosal","Mcginness & Shaw","8 Commercial Blvd #9","Hanover","ON","N4N 1Z7","519-646-7797","519-560-6667","carla.dosal@hotmail.com","http://www.mcginnessshaw.com","1984-08-26"
"Lashanda","Zeng","Monogram Co","739 Stockton Ave","Gray Rapids","NB","E9B 1G6","506-497-2698","506-543-5119","l.zeng@yahoo.com","http://www.monogramco.com","1951-09-11"
"Jarod","Momplaisir","Industrial Precision Corp","60 Sunrise Ave","North Bay","ON","P1B 2L4","705-369-2146","705-915-3282","j.momplaisir@yahoo.com","http://www.industrialprecisioncorp.com","1995-12-20"
"Leoma","Courter","Curtis, Martin L Dds","575 Washington St","Nanaimo","BC","V9R 6W5","250-810-7815","250-340-9574","l.courter@courter.org","http://www.curtismartinldds.com","1953-06-10"
"Yasuko","Gazzola","Plant","4634 Anania Dr","Vernon","BC","V1B 3Z4","250-891-6910","250-302-7554","ygazzola@cox.net","http://www.plant.com","1995-12-23"
"Jimmie","Zufall","Tri Lakes Chamber Of Commerce","24 Sw Bridgeport Rd","Oakville","ON","L6J 7H9","905-772-1416","905-958-5143","jimmie.zufall@gmail.com","http://www.trilakeschamberofcommerce.com","2001-03-28"
"Titus","Santanna","American Lung Assoc","419 N Dixboro Rd #8","Gatineau","QC","J9J 0V4","819-983-1846","819-842-7631","tituss@aol.com","http://www.americanlungassoc.com","1958-12-05"
"Joanne","Rand","Rever, Irwin S Esq","1 W Sierra Madre Blvd #9985","St Catharines","ON","L2M 1R4","905-219-6895","905-928-7775","joannerand@rand.org","http://www.reverirwinsesq.com","1983-08-23"
"Suzi","Kettelle","Comisky, James L","9 W Jackson Blvd","Surrey","BC","V3S 7P4","604-700-2946","604-811-1777","s.kettelle@aol.com","http://www.comiskyjamesl.com","1972-10-13"
"Denny","Nickolich","Pony Express National Memorial","4974 Rockburn Hill Rd #3","Surrey","BC","V4A 8M9","604-239-4105","604-864-8071","d.nickolich@gmail.com","http://www.ponyexpressnationalmemorial.com","1991-08-06"
"Willie","Mondale","Brooktronics Engineering Corp","8545 S Westshore Blvd","Cantley","QC","J8V 3K1","819-869-6389","819-816-5427","willie_mondale@aol.com","http://www.brooktronicsengineeringcorp.com","1972-06-24"
"Margurite","Miklitz","Moyer, David W Esq","258 S Ash Ave","Amherstburg","ON","N9V 1S8","519-476-5983","519-248-6055","margurite_miklitz@yahoo.com","http://www.moyerdavidwesq.com","1969-05-24"
"Arlen","Dugre","Whitehurst, William O Jr","1 W Green Bay St","Saint John","NB","E2K 3R6","506-218-3036","506-871-1452","a.dugre@dugre.org","http://www.whitehurstwilliamojr.com","1952-05-26"
"Shaniqua","Kinikini","Durley, Colly J Esq","8 Sylvan Ave","North York","ON","M3H 5X6","416-573-9093","416-693-2920","s.kinikini@kinikini.org","http://www.durleycollyjesq.com","1983-11-20"
"William","Sharples","Dubosar & Davidson Pa","9 Clove Rd","Pointe-aux-Trembles","QC","H1B 4R4","514-606-4631","514-570-9479","williams@hotmail.com","http://www.dubosardavidsonpa.com","1977-01-29"
"Silva","Matsuno","Nimco Corp","10 Canal St","Pierrefonds","QC","H8Y 2A9","514-319-4125","514-592-7645","s.matsuno@matsuno.org","http://www.nimcocorp.com","1991-01-16"
"Gearldine","Laramie","Robert Glen Distributing Co","62 N 3rd St","Calgary","AB","T2J 0S5","403-810-3712","403-242-6060","g.laramie@laramie.org","http://www.robertglendistributingco.com","1967-05-03"
"Azalee","Stapels","Interior Alternative","2607 Market St","Chateauguay","QC","J6J 3J8","450-515-9694","450-933-2068","azalee_stapels@cox.net","http://www.interioralternative.com","1972-02-10"
"Kimbery","Goerke","Bain, James W Esq","62 15th Ave #63","Duncan","BC","V9L 2E9","250-504-9388","250-654-7546","kimbery.goerke@cox.net","http://www.bainjameswesq.com","1959-05-22"
"Ricarda","Michelet","Hersh, Peter S Md","1 Clairemont Mesa Blvd","New Glasgow","NS","B2H 3Y5","902-614-2197","902-717-8376","ricarda.michelet@michelet.org","http://www.hershpetersmd.com","1960-07-10"
"Macy","Bauswell","C H Fenstermaker & Assocs Inc","6 N Water St","Dauphin","MB","R7N 2C7","204-656-8450","204-825-5825","m.bauswell@aol.com","http://www.chfenstermakerassocsinc.com","1956-03-29"
"Carol","Pride","Westwood Specialties","1 S Kresson St","Alma","QC","G8E 1G2","418-540-2207","418-264-8597","carol_pride@hotmail.com","http://www.westwoodspecialties.com","1976-03-03"
"Blythe","Finstad","Ebw Inc Enterprise Brass Works","4 S 4th St","Calgary","AB","T2V 2M5","403-775-4053","403-660-6436","bfinstad@aol.com","http://www.ebwincenterprisebrassworks.com","1956-11-18"
"Tanesha","Schuring","Alex Fries & Bros Inc","326 Witherspoon St","Etobicoke","ON","M9R 2W5","416-568-3388","416-227-8643","tanesha_schuring@schuring.com","http://www.alexfriesbrosinc.com","1957-01-18"
"Yaeko","Marcille","Holcombe Armature Co","66 Hoffman St","St Thomas","ON","N5P 2E5","519-625-4433","519-737-1130","yaekomarcille@gmail.com","http://www.holcombearmatureco.com","1963-06-21"
"Broderick","Diflorio","Frascella, Thomas P Esq","185 Davis St","Saskatoon","SK","S7N 3M6","306-285-1574","306-649-5882","broderickdiflorio@cox.net","http://www.frascellathomaspesq.com","1976-12-30"
"Twila","Romack","Marks, Seymour Esq","20 Simpson Ferry Rd","Victoria","BC","V8Y 1H4","250-862-6746","250-548-7509","twila.romack@yahoo.com","http://www.marksseymouresq.com","1953-06-07"
"Sarina","Emanuel","Burgess Manning Inc","7821 16th St Nw","Ajax","ON","L1S 1S7","905-696-6221","905-927-3049","sarina_emanuel@emanuel.com","http://www.burgessmanninginc.com","1974-06-03"
"Candra","Pedder","Gator Supply & Equipment Inc","9 Pulaski Park Dr #7","North Bay","ON","P1B 2V6","705-799-1235","705-462-8314","cpedder@pedder.com","http://www.gatorsupplyequipmentinc.com","1950-07-07"
"Von","Gallati","Heller, Tom A Esq","63 Baronne St","Port Moody","BC","V3H 1E8","604-986-3233","604-853-6594","von.gallati@gmail.com","http://www.hellertomaesq.com","1961-09-16"
"Natalya","Oviedo","Rose Cooper & English","74 Chestnut St","Kitchener","ON","N2A 1S3","519-736-9305","519-935-3251","natalya.oviedo@oviedo.com","http://www.rosecooperenglish.com","1994-10-16"
"Stanton","Kountz","Maxons Restorations Inc","4 Smith St #5","North York","ON","M3M 2A4","416-801-7398","416-974-8005","s.kountz@gmail.com","http://www.maxonsrestorationsinc.com","1954-05-13"
"Dona","Rhule","Birmingham Historical Society","4298 E Drinker St","York","ON","M6M 1V5","416-884-9104","416-488-1936","dona_rhule@rhule.org","http://www.birminghamhistoricalsociety.com","1958-12-03"
"Cortney","Lanter","Schulman, Richard J Esq","80 S 33rd Pl","Greenfield Park","QC","J4V 3G8","450-339-6016","450-498-1871","cortney_lanter@hotmail.com","http://www.schulmanrichardjesq.com","2000-11-10"
"Ira","Ancar","Andersen Consulting","935 S Padre Island Dr","Halifax","NS","B3K 3E4","902-240-7029","902-579-3428","ira.ancar@ancar.com","http://www.andersenconsulting.com","1971-06-04"
"Vanna","Ogle","Phipps & Bird","3 B Main #117","Newmarket","ON","L3Y 3M4","905-309-4565","905-538-1331","vanna.ogle@ogle.org","http://www.phippsbird.com","1961-01-05"
"Bo","Alaibilla","Land Engineering & Surv Co Inc","779 Moore St","Winnipeg","MB","R3R 2Z5","204-210-4967","204-591-6137","bo_alaibilla@yahoo.com","http://www.landengineeringsurvcoinc.com","1987-12-03"
"Nathalie","Davirro","Boldt Carlisle & Smith Cpa","14 Van Buren St","Peterborough","ON","K9H 4B6","705-736-4801","705-651-4065","nathalie.davirro@aol.com","http://www.boldtcarlislesmithcpa.com","1957-01-02"
"Rodney","Amend","Schultz, Barry J Esq","7 N Us Highway 67 #96","Ottawa","ON","K1S 2E4","613-273-5773","613-555-5392","r.amend@yahoo.com","http://www.schultzbarryjesq.com","1978-09-10"
"Elena","Tutterrow","Reed, Crystal Md","31 Mechanic St #9839","Stephenville","NL","A2N 2N4","709-399-4807","709-427-8386","elena.tutterrow@tutterrow.org","http://www.reedcrystalmd.com","1961-07-17"
"Blossom","Penso","Vic Firth Inc","881 Route 38","North York","ON","M4A 2A6","416-631-1863","416-960-8915","b.penso@cox.net","http://www.vicfirthinc.com","1966-01-17"
"Loreen","Peckens","A J Cohen Distributor Inc","6 Monard Dr","Orleans","ON","K1C 2E5","613-684-4467","613-959-2224","loreen.peckens@peckens.org","http://www.ajcohendistributorinc.com","1999-06-12"
"Tayna","Marrazzo","Hartz, J Ernest Esq","18 Cowesett Ave","Barrie","ON","L4N 5C5","705-655-5936","705-731-4284","tayna.marrazzo@cox.net","http://www.hartzjernestesq.com","1952-08-16"
"Nieves","Stenquist","Swanson, Dennis V Esq","684 Albion Rd","Peterborough","ON","K9H 3K7","705-616-5386","705-997-9149","n.stenquist@stenquist.org","http://www.swansondennisvesq.com","1954-08-24"
"Glenn","Mair","Leikin, James","8700 S Jefferson Rd #676","Lachine","QC","H8S 3A8","514-330-5479","514-322-5935","g.mair@cox.net","http://www.leikinjames.com","1967-02-11"
"Julianna","Mcglocklin","Cycle Motion Inc","4407 Chestnut Ridge Dr","Saint John","NB","E2K 5L7","506-752-6097","506-958-3152","j.mcglocklin@mcglocklin.org","http://www.cyclemotioninc.com","1982-01-27"
"Ashton","Traux","Tirone, Anthony R Esq","13 Midway Pl","Oakville","ON","L6H 5G1","905-725-6769","905-586-2298","ashtont@traux.com","http://www.tironeanthonyresq.com","1993-02-27"
"Shaun","Thiemann","Stowe Away Lodge","253 Hamilton Ave #1684","Pickering","ON","L1W 2P9","905-907-6615","905-984-4439","shaunt@yahoo.com","http://www.stoweawaylodge.com","1961-04-21"
"Long","Lehn","Georgetown Agency","8 W 41st Ave","Blainville","QC","J7C 2R9","450-771-5010","450-679-3521","","http://www.georgetownagency.com","1957-07-24"
"Vinnie","Wadden","Halbar Enterprises Whol Clthng","559 Bridge Plz","Etobicoke","ON","M8Y 1G5","416-862-7028","416-626-5219","vinnie_wadden@hotmail.com","http://www.halbarenterpriseswholclthng.com","1996-04-05"
"Lucia","Weekly","Days Inn","196 Touhy Ave","Scarborough","ON","M1E 3L6","416-870-8070","416-938-6909","","http://www.daysinn.com","1990-04-10"
"Corazon","Milionis","Ansonia Records Inc","6 W Lincoln Ave","Saskatoon","SK","S7K 3K7","306-333-8933","306-513-1680","c.milionis@hotmail.com","http://www.ansoniarecordsinc.com","2000-02-04"
"Jaime","Maye","Bei Motion Systems Co Inc","7071 E 7th St #56","Verdun","QC","H4G 1X4","514-950-4495","514-371-6473","j.maye@maye.com","http://www.beimotionsystemscoinc.com","1965-11-12"
"Miriam","Corners","Sign Magic","784 Packerland Dr","Burlington","ON","L7L 5E8","905-441-5009","905-702-1792","miriam.corners@corners.org","http://www.signmagic.com","2000-09-03"
"Vallie","Adessa","Can Lines Inc","7823 N 36th Ave","North Vancouver","BC","V7H 2J2","604-848-3170","604-272-7228","valliea@cox.net","http://www.canlinesinc.com","1973-09-06"
"Sheldon","Dedaj","Young, Charles R Esq","35 Milnor St","Valley","NS","B6L 3K5","902-330-7314","902-482-5940","sheldondedaj@aol.com","http://www.youngcharlesresq.com","1983-09-21"
"Nickie","Marrano","Mcinerney Communications","7 Saint Nicholas Ave","North Vancouver","BC","V7J 3P8","604-556-1080","604-408-3115","","http://www.mcinerneycommunications.com","1956-11-20"
"Fletcher","Branin","Hy Cite Corp","87 Spencerville Ct #2","Hamilton","ON","L8S 3V2","905-992-1637","905-974-3091","fletcher_branin@aol.com","http://www.hycitecorp.com","1997-11-13"
"Rutha","Leahman","Quality Litho Printing","87 W 32nd St","Niagara Falls","ON","L2G 3H6","905-468-2503","905-288-1333","rutha_leahman@aol.com","http://www.qualitylithoprinting.com","1984-10-13"
"Brandon","Stalma","Royal Title Service Inc","70 W Main St","Vancouver","BC","V5Z 3S8","604-940-9313","604-894-9406","brandons@stalma.org","http://www.royaltitleserviceinc.com","1999-02-11"
"Franchesca","Arau","Euorpean Pretzel Bakery","3208 W Touhy Ave","Charlottetown","PE","C1E 1W8","902-715-9684","902-291-8223","franchesca_arau@cox.net","http://www.euorpeanpretzelbakery.com","1956-02-09"
"Lorriane","Hathcox","American Space Planners Inc","7 Airway Cir","Duncan","BC","V9L 2T9","250-544-1482","250-738-4408","lorriane_hathcox@aol.com","http://www.americanspaceplannersinc.com","1981-04-13"
"Asuncion","Sensibaugh","Link, Andrew P","54 Whitaker Way","Reinfeld","MB","R6W 1K7","204-318-1929","204-696-6138","a.sensibaugh@sensibaugh.com","http://www.linkandrewp.com","1981-06-22"
"Georgiann","Casteneda","Orava, Stephen J Esq","4945 Progress Dr","Grand-Mere","QC","G9T 3C3","819-632-2869","819-695-5561","g.casteneda@casteneda.com","http://www.oravastephenjesq.com","1992-05-04"
"Hershel","Rippy","Kings Trophies & Engraving Co","658 W 30th St","London","ON","N5Z 1R6","519-844-4835","519-782-2362","h.rippy@rippy.com","http://www.kingstrophiesengravingco.com","1953-08-31"
"Chu","Stanfield","Chiropractic Care Center","8 E 9mile Rd #697","Trois-Rivieres","QC","G8V 2J6","819-677-1206","819-899-7304","c.stanfield@aol.com","http://www.chiropracticcarecenter.com","1993-08-19"
"Bettina","Perkins","Willamette Valley Walnuts Inc","7 Ryan Industrial Ct","Vancouver","BC","V6H 3Y2","604-752-9256","604-539-9088","bettinap@aol.com","http://www.willamettevalleywalnutsinc.com","1985-11-23"
"Lynsey","Lannigan","Ross, Donald J Esq","7 Mccrea St","Chilliwack","BC","V2P 6L6","604-525-6939","604-485-8495","lynsey.lannigan@aol.com","http://www.rossdonaldjesq.com","1966-09-26"
"Phil","Rudig","Sequins International Inc","7 Mcwhorter Rd","Jonquiere","QC","G7X 2X4","418-940-4070","418-996-6859","p.rudig@yahoo.com","http://www.sequinsinternationalinc.com","1976-04-08"
"Cordelia","Randol","Pacific Valley Appraisal Svc","572 Simpson St","Georgetown","ON","L7G 2T4","905-975-4308","905-881-8675","c.randol@yahoo.com","http://www.pacificvalleyappraisalsvc.com","1950-09-07"
"Georgeanna","Yestramski","Allied Fine Furniture","3493 Camino Ruiz","Hamilton","ON","L8N 2V6","905-366-7378","905-540-7836","georgeanna.yestramski@aol.com","http://www.alliedfinefurniture.com","1973-02-11"
"Rosendo","Normington","Howe & Hutton Ltd","2052 E Semoran Blvd","Regina","SK","S4N 5R4","306-700-6743","306-714-9622","rosendo_normington@gmail.com","http://www.howehuttonltd.com","1980-07-16"
"Jerilyn","Violett","Jaqua & Wheatley Pc","9 Main St","Hanover","ON","N4N 2P6","519-978-7661","519-649-6721","jerilyn_violett@violett.com","http://www.jaquawheatleypc.com","1968-09-11"
"Elfriede","Persechino","Krei 800 Radio Station","538 Fayetteville Street Mall","Grand-Sault/Grand Falls","NB","E3Z 2K5","506-404-8558","506-956-6048","elfriede.persechino@aol.com","http://www.kreiradiostation.com","1957-12-07"
"Harris","Elmquist","New Lans Corporation","9875 Sheafe Rd","Montreal","QC","H2H 1Z2","514-257-9319","514-774-5902","helmquist@elmquist.com","http://www.newlanscorporation.com","1984-02-07"
"Leonor","Kuamoo","Lochaven Fed Svngs & Ln Assn","269 Distribution Way","Orleans","ON","K1C 1Z6","613-338-5158","613-308-1865","leonor_kuamoo@gmail.com","http://www.lochavenfedsvngslnassn.com","1963-05-14"
"Terrilyn","Suman","Corallino, Robert L Cpa","6 E Miraloma Ave","Gatineau","QC","J8M 2A5","819-670-6020","819-318-6187","t.suman@cox.net","http://www.corallinorobertlcpa.com","1977-03-02"
"Maddie","Tapian","Sinclair Machine Products Inc","56 N Wood Ave #25","Montreal","QC","H2M 1W9","514-874-9519","514-545-7912","maddie.tapian@aol.com","http://www.sinclairmachineproductsinc.com","1981-06-25"
"Melynda","Boccard","Leader","3 Lee Dr #8435","Longueuil","QC","J4J 3E9","450-470-3593","450-261-4907","melynda.boccard@gmail.com","http://www.leader.com","1997-09-11"
"Odette","Kramarczyk","Beauregard Federal Savings Bnk","1831 Everett Rd","Corner Brook","NL","A2H 2K1","709-744-4165","709-750-3310","odette_kramarczyk@kramarczyk.org","http://www.beauregardfederalsavingsbnk.com","1956-09-12"
"Steffanie","Palenik","Rosenblum, Donn D Esq","801 W Belmont Ave","Montreal","QC","H3C 5G9","514-964-9106","514-644-9120","s.palenik@palenik.com","http://www.rosenblumdonndesq.com","1985-10-02"
"Antonette","Scovil","Kasprenski, Michael D Esq","61 N Westshore Blvd","Kitchener","ON","N2A 1S3","519-670-5269","519-574-5766","a.scovil@aol.com","http://www.kasprenskimichaeldesq.com","1954-05-23"
"Thora","Stadel","Engravers","6 Old York Rd","Gatineau","QC","J8P 3A1","819-648-4049","819-419-1891","thoras@gmail.com","http://www.engravers.com","1989-08-04"
"Nada","Tartar","Shastri, S R Md","80 Sw End Blvd","Surrey","BC","V3R 4L7","604-570-1494","604-464-2579","nada.tartar@cox.net","http://www.shastrisrmd.com","1967-05-20"
"Ivette","Cerao","South Texas Prod Splty Inc","7585 Calle De Industrias","Reserve Mines","NS","B1E 1G6","902-244-5318","902-899-7285","ivette_cerao@cerao.org","http://www.southtexasprodspltyinc.com","1953-07-07"
"Devon","Provenzano","Kcon Inc","250 University Ave #9","Comox","BC","V9M 1T4","250-525-4631","250-811-7716","dprovenzano@provenzano.org","http://www.kconinc.com","1951-02-18"
"Lon","Bub","May W L Co Inc","78 Eastway Dr","Mississauga","ON","L5E 1B7","905-233-1845","905-290-1867","lon_bub@bub.com","http://www.maywlcoinc.com","1987-02-23"
"Tennie","Stropko","M A C Insurance Agency","196 Waterman Ave #1","Trois-Rivieres","QC","G8T 6A2","819-261-5496","819-276-7974","tennies@aol.com","http://www.macinsuranceagency.com","1979-01-11"
"Fidelia","Mccoskey","Gto Lithographers Inc","9 Meridian St","Scarborough","ON","M1G 1V4","416-892-4321","416-209-3419","fideliam@gmail.com","http://www.gtolithographersinc.com","1986-03-07"
"Michal","Zarazua","Physician Manager","9514 Mount Vernon Ave","Quebec","QC","G2B 4L7","418-399-6819","418-652-4085","michal.zarazua@cox.net","http://www.physicianmanager.com","1950-08-31"
"Enola","Cortesi","Branan Photography","7 Sw 5th Ave","Dartmouth","NS","B2W 6G3","902-539-1621","902-831-6815","e.cortesi@hotmail.com","http://www.brananphotography.com","1977-02-08"
"Meghann","Fears","Hampton Inn South","7675 N Solano Dr","Hebbville","NS","B4V 7A2","902-348-8759","902-216-8117","meghann.fears@fears.org","http://www.hamptoninnsouth.com","1983-08-07"
"Latanya","Mckeon","Swissotel Boston","8229 S Washington Ave","Portage la Prairie","MB","R1N 3T4","204-649-9481","204-615-1776","l.mckeon@gmail.com","http://www.swissotelboston.com","1966-02-16"
"Chandra","Corna","Preston Trucking Co Inc","686 S Dupont Hwy","Oshawa","ON","L1J 8H1","905-451-3719","905-979-1749","chandra.corna@yahoo.com","http://www.prestontruckingcoinc.com","1990-11-15"
"Barney","Firlik","Anthony, Richard A Esq","88 Norris Ave #2","Bedford","NS","B4A 3V5","902-287-1148","902-440-9745","barney.firlik@gmail.com","http://www.anthonyrichardaesq.com","1983-08-16"
"Ocie","Scotts","Ellner, Harold J Md","72 W Hampden Ave","Orleans","ON","K1E 2C8","613-756-9548","613-565-6742","o.scotts@aol.com","http://www.ellnerharoldjmd.com","1950-09-27"
"Precious","Benett","Martin Research Inc","846 Middletown Blvd #427","Orillia","ON","L3V 4N5","705-607-6992","705-628-6331","precious.benett@aol.com","http://www.martinresearchinc.com","1965-07-18"
"Sanda","Welschmeyer","Trafalgar Corp","5181 N Alma School Rd","Dawson Creek","BC","V1G 1Y2","250-700-8923","250-902-6776","sanda_welschmeyer@hotmail.com","http://www.trafalgarcorp.com","1967-11-24"
"Gaynell","Larner","Life Guard Apparel","71 W Indian School Rd","Thunder Bay","ON","P7E 2H1","807-284-2501","807-395-1502","gaynell.larner@hotmail.com","http://www.lifeguardapparel.com","1958-05-20"
"Bethanie","Pritt","Four Star Label Co Inc","5 Victory Ave","Cambridge","ON","N1S 2S8","519-328-4250","519-260-7499","","http://www.fourstarlabelcoinc.com","1964-03-01"
"Yvette","Stakes","Stier, Brian E Esq","33 Broadway St #8539","Big Valley","AB","T0J 0G0","403-919-6456","403-642-8023","y.stakes@yahoo.com","http://www.stierbrianeesq.com","1977-08-29"
"Alana","Menino","Invest Financial Corp","96 Hook Rd","Scarborough","ON","M1B 2S5","416-386-8947","416-983-4604","alana.menino@menino.com","http://www.investfinancialcorp.com","2001-10-24"
"Lakeesha","Eddens","Olivera, Keith R Esq","1 Sw 72nd Ave","Chilliwack","BC","V2P 4W3","604-352-7502","604-776-5963","l.eddens@eddens.org","http://www.oliverakeithresq.com","1999-05-29"
"Ailene","Emmert","Spector Thread Co","479 Commerce Park","Enterprise","NB","E7G 1M2","506-907-7068","506-631-8304","ailene_emmert@gmail.com","http://www.spectorthreadco.com","1971-06-01"
"Valene","Boerboom","H J Heinz Fld Ofc & Distrb Ctr","42 Main St","Alma","QC","G8B 7M5","418-646-3844","418-971-4887","valene_boerboom@boerboom.com","http://www.hjheinzfldofcdistrbctr.com","1958-03-28"
"Floyd","Sugai","Southeastern Services Inc","4701 N Cocoa Blvd","Toronto","ON","M4V 2Z2","416-557-9767","416-988-1063","f.sugai@gmail.com","http://www.southeasternservicesinc.com","1989-05-14"
"Josue","Friedman","United States Chrome Corp Ca","755 135th St","Etobicoke","ON","M9W 1M9","416-337-2239","416-236-8860","jfriedman@yahoo.com","http://www.unitedstateschromecorpca.com","1982-09-29"
"Johnathon","Staie","De Osu Inc","4714 S Main St","Peterborough","ON","K9J 3N7","705-646-2781","705-719-2693","johnathonstaie@aol.com","http://www.deosuinc.com","1963-07-30"
"Kenneth","Hailstone","Packaging Corp Of America","2 Scott Blvd","Amos","QC","J9T 1S3","819-999-6396","819-572-9764","kenneth.hailstone@yahoo.com","http://www.packagingcorpofamerica.com","1988-06-13"
"Leila","Pennel","D W Rogers Co","9 Constitution Ave","Calgary","AB","T2X 2M9","403-733-8035","403-455-2552","l.pennel@pennel.org","http://www.dwrogersco.com","1951-08-31"
"Marquetta","Nicks","Herregan Distributors Inc","2965 Lake Lizzie Dr","Mont-Royal","QC","H3R 1G3","514-950-3156","514-450-3097","marquetta_nicks@nicks.org","http://www.herregandistributorsinc.com","1969-06-15"
"Annamae","Bussert","Halberstadt, Bradley J Esq","8939 Merrill Field Dr","Burnaby","BC","V5G 4J9","604-877-2244","604-564-4259","annamae_bussert@bussert.com","http://www.halberstadtbradleyjesq.com","1982-05-15"
"An","Jefferys","Cpa Affiliates Inc","8 Leoole St #3","Drummondville","QC","J2B 3J9","819-324-8832","819-789-9431","an_jefferys@aol.com","http://www.cpaaffiliatesinc.com","1962-10-10"
"Karina","Wetherby","Video Monitoring Services","901 Broughton Ave #7","Saint-Bruno","QC","J3V 5S1","450-252-9611","450-552-3691","karina_wetherby@wetherby.org","http://www.videomonitoringservices.com","1999-06-09"
"Otis","Dunning","Kinkos Copies","263 L St #1255","Simcoe","ON","N3Y 2P6","519-739-4515","519-213-7571","otis_dunning@gmail.com","http://www.kinkoscopies.com","1965-10-23"
"Brendan","Hatherly","Aebig, Sheena R Esq","84 L St #98","Coquitlam","BC","V3E 2W1","604-947-9315","604-635-8588","brendan_hatherly@hatherly.org","http://www.aebigsheenaresq.com","1990-02-13"
"Keith","Pead","Hamlet, Fred T Esq","973 El Camino Real","Derby Junction","NB","E1V 5B4","506-229-5393","506-807-4021","keith.pead@cox.net","http://www.hamletfredtesq.com","1986-01-20"
"Paulina","Mcalarney","Americon Gazelle Factory Outlt","5652 Wisconsin Ave","Winnipeg","MB","R2J 2V1","204-636-8766","204-682-9423","pmcalarney@mcalarney.com","http://www.americongazellefactoryoutlt.com","1951-03-24"
"Cherelle","Neikirk","Woodrow Taylor Homes Nv Ltd","2 Ramona Ave #6","Guelph","ON","N1E 5N9","519-322-9933","519-310-1688","cneikirk@neikirk.org","http://www.woodrowtaylorhomesnvltd.com","1960-10-30"
"Percy","Tentler","Spiker Communications Inc","901 Highway 74","Rimouski","QC","G5L 1N6","418-537-1430","418-991-9193","ptentler@tentler.org","http://www.spikercommunicationsinc.com","1986-05-13"
"Margot","Keirnan","Wilson, Thomas M Iii","237 S French Ave","Woodbridge","ON","L4H 2L8","905-309-5010","905-509-1001","m.keirnan@gmail.com","http://www.wilsonthomasmiii.com","1967-07-10"
"Paris","Ivaska","Woodstown Natl Bnk & Trst Co","89 Parade St","Woodstock","ON","N4S 3K1","519-909-5933","519-291-1819","parisi@ivaska.org","http://www.woodstownnatlbnktrstco.com","1983-03-20"
"Sina","Norcia","Misioneros Del Camino","3067 W Wabansia Ave","Etobicoke","ON","M9C 5B4","416-369-7013","416-498-2476","","http://www.misionerosdelcamino.com","1955-07-12"
"Kimi","Knieper","M & M Assoc Inc","2 W Kellogg Dr #5","Jonquiere","QC","G8A 1H7","418-795-3880","418-432-2714","kimi.knieper@gmail.com","http://www.mmassocinc.com","1985-09-17"
"Chun","Mccloud","Hoyt, Robert F Esq","3 Aiea Heights #660","Regina","SK","S4T 3L1","306-245-2534","306-697-2337","chun.mccloud@hotmail.com","http://www.hoytrobertfesq.com","1998-04-09"
"Lelia","Ambert","Kleeman, Dena A Esq","440 Town Center Dr","Kamloops","BC","V2B 7W6","250-671-3851","250-798-7786","l.ambert@gmail.com","http://www.kleemandenaaesq.com","1963-03-12"
"Cordell","Okuniewski","Kaye, Jeffrey A Esq","91 Argyle Rd","Sherbrooke","QC","J1H 6E3","819-508-6057","819-313-7350","c.okuniewski@yahoo.com","http://www.kayejeffreyaesq.com","1965-03-20"
"Dorothy","Zarling","Mcmillon, Wendy A Esq","4 Hanover Pike","Mississauga","ON","L5V 1E5","905-554-3838","905-355-9556","dorothy.zarling@zarling.com","http://www.mcmillonwendyaesq.com","1999-02-28"
"Chauncey","Colbath","Buchman Enterprises Inc","615 Main St #3722","Vanier","ON","K1L 7E2","613-908-7090","613-591-2817","chauncey.colbath@hotmail.com","http://www.buchmanenterprisesinc.com","1959-01-31"
"Tenesha","Digiovanni","Guroff, Julia H Esq","648 Waihona St #1152","Cardigan","NB","E6B 1L7","506-629-6209","506-306-3180","tenesha_digiovanni@digiovanni.org","http://www.guroffjuliahesq.com","1959-09-23"
"Anjelica","Racer","Dayton Appliance Parts Co","689 S Steele St #1887","Amherst","NS","B4H 1K5","902-386-1443","902-411-6380","a.racer@cox.net","http://www.daytonappliancepartsco.com","1954-11-12"
"Olga","Libbey","Weiss, Arnold M Cpa","8507 Upland St","Burlington","ON","L7P 4T1","905-775-6413","905-340-9290","o.libbey@cox.net","http://www.weissarnoldmcpa.com","1980-01-21"
"Monte","Hughlett","Amercn Inst For Conserve Hist","577 Page Ave","Laval","QC","H7M 5P7","450-637-6499","450-285-2135","monte.hughlett@hughlett.com","http://www.amercninstforconservehist.com","1954-11-19"
"Pamela","Orndoff","Thriftlodge","6 West St #2","Terrebonne","QC","J6W 4W3","450-282-1236","450-585-2368","p.orndoff@orndoff.org","http://www.thriftlodge.com","1976-10-23"
"Toshia","Rather","U Stor","7 Duluth St","Stoneham-Et-Tewkesbury","QC","G3C 0S2","418-759-7863","418-706-3704","toshiar@aol.com","http://www.ustor.com","1982-04-01"
"Polly","Ill","Passumpsic Savings Bank","39 Logan Ave #9518","Hamilton","ON","L9A 4H9","905-705-6018","905-227-7818","polly_ill@ill.com","http://www.passumpsicsavingsbank.com","1973-01-21"
"Judy","Keomuangtai","Crissey Fowler Lumber Co","384 N Main St","Paradise","NL","A1L 0H4","709-560-7848","709-591-5287","judyk@cox.net","http://www.crisseyfowlerlumberco.com","1982-01-07"
"Celestine","Erichsen","James Heistand Inc","79 E 92nd St","Ottawa","ON","K1G 3B6","613-875-3120","613-291-6460","celestine_erichsen@cox.net","http://www.jamesheistandinc.com","1991-12-17"
"Murray","Hennon","Hughes, Richard D Esq","59 W Century Rd","Pointe-Claire","QC","H9R 5N9","514-921-5562","514-750-8459","murray_hennon@aol.com","http://www.hughesricharddesq.com","1962-07-07"
"Shoshana","Mollison","Harry Jersig Center","8763 N Front St","Windsor","ON","N8Y 4T9","519-396-2906","519-248-6688","s.mollison@gmail.com","http://www.harryjersigcenter.com","1986-07-07"
"Glendora","Meir","John L Scott Real Estate","2 80e E #7867","Edmonton","AB","T5Y 3J7","780-508-2609","780-799-6593","glendorameir@meir.com","http://www.johnlscottrealestate.com","1969-04-29"
"Carlene","Brake","Oregon Cherry Growers Inc","541 N 88th Ave","Brantford","ON","N3T 2H4","519-930-5055","519-842-4775","carlenebrake@yahoo.com","http://www.oregoncherrygrowersinc.com","1971-11-28"
"Adria","Berkoff","Brokers Marketplace","60 15th Ave","Hamilton","ON","L8N 2V6","905-563-9396","905-791-6993","adria_berkoff@cox.net","http://www.brokersmarketplace.com","1969-11-02"
"Paola","Westervelt","M K Goulding And Associates","3951 Seaway Dr","Grande Prairie","AB","T8V 4G4","780-573-8903","780-404-4349","paola.westervelt@westervelt.org","http://www.mkgouldingandassociates.com","1984-09-12"
"Elina","Dills","Hobson Printing Co","2097 N Stonestreet Ave","North York","ON","M6M 3B1","416-582-4379","416-549-4416","elina.dills@cox.net","http://www.hobsonprintingco.com","1982-10-04"
"Emile","Nelton","Olson, Waldine H Esq","264 Jefferson Hwy #83","Saint-Bruno","QC","J3V 4R8","450-529-3773","450-775-4103","emile.nelton@gmail.com","http://www.olsonwaldinehesq.com","1976-11-10"
"Zoila","Canonico","Fox Chase Federal Savings Bank","40 N Dean St","York","ON","M6N 3Z2","416-322-9207","416-344-1276","zoila_canonico@aol.com","http://www.foxchasefederalsavingsbank.com","1953-04-08"
"Yong","Wylie","Kraft Foodservice Inc","365 Zebra Pl","Brantford","ON","N3R 3C6","519-344-3979","519-322-6001","yong.wylie@yahoo.com","http://www.kraftfoodserviceinc.com","1956-04-13"
"Leontine","Fitzke","Comprehensive Environ Svc Inc","859 Franquette Ave","Simcoe","ON","N3Y 5H1","519-641-7145","519-623-8354","leontinef@fitzke.org","http://www.comprehensiveenvironsvcinc.com","1953-11-03"
"Troy","Chhour","Quick Turn Circuits Inc","58 Calle Arroyo","Trenton","ON","K8V 3Z2","613-938-7999","613-442-6727","troy_chhour@cox.net","http://www.quickturncircuitsinc.com","1955-02-03"
"Annamaria","Geneseo","Call, Dell R","8348 1st Ave W","Dundas","ON","L9H 2C3","905-495-3301","905-988-1388","a.geneseo@geneseo.com","http://www.calldellr.com","1964-10-13"
"Dorothea","Calzado","Herline, Georgia","2763 Fort Campbell Blvd #7554","Sudbury","ON","P3E 2W9","705-793-4986","705-509-4817","d.calzado@hotmail.com","http://www.herlinegeorgia.com","1977-04-15"
"Marion","Neitzke","Snyder, Daniel Esq","5670 Leonis Blvd","Gatineau","QC","J8Y 5Z4","819-966-7240","819-730-7626","m.neitzke@hotmail.com","http://www.snyderdanielesq.com","1970-07-14"
"Avery","Blan","Far Western Trophy & Awards","6 Central Ave #664","Amherst","NS","B4H 1N1","902-588-8947","902-665-5755","averyb@blan.com","http://www.farwesterntrophyawards.com","1996-03-07"
"Trinidad","Vandeberg","Tmr The Music Room","75 N Washington Ave","Lasalle","QC","H8N 1S9","514-561-2312","514-780-9059","t.vandeberg@gmail.com","http://www.tmrthemusicroom.com","1954-10-04"
"Herminia","Nitchals","Jurgemeyer Frey & Haufe","880 W South Water Market","Fort McMurray","AB","T9H 3A8","780-740-5294","780-702-4324","herminia_nitchals@cox.net","http://www.jurgemeyerfreyhaufe.com","1974-10-25"
"Val","Tijerina","Mpsi Systems Inc","42 N 16th St #620","Montreal","QC","H2C 3A1","514-726-2573","514-233-5869","val.tijerina@cox.net","http://www.mpsisystemsinc.com","1998-09-06"
"Renay","Hasha","Wanek, Jerrold Esq","873 E Cumberland St","North York","ON","M6B 3Y3","416-336-6767","416-797-3846","renay.hasha@hotmail.com","http://www.wanekjerroldesq.com","1969-12-24"
"Buck","Teoh","Black Drill Co Inc","863 Mcgilchrist St Se","Thunder Bay","ON","P7E 2H1","807-668-2676","807-348-1562","b.teoh@yahoo.com","http://www.blackdrillcoinc.com","1957-08-18"
"Toi","Portaro","Armored Transport Of Ca Inc","2 S Church St","Terrebonne","QC","J6W 1M9","450-714-2875","450-600-2803","toi.portaro@cox.net","http://www.armoredtransportofcainc.com","1990-06-30"
"Shanice","Vosmus","Firm Security Systems Inc","31 N Canal St","Kingston","ON","K7L 2Y7","613-850-3405","613-270-1965","","http://www.firmsecuritysystemsinc.com","1971-07-27"
"Oliva","Normandeau","Summit Dynamics","8688 Manning Blvd #547","Calgary","AB","T2C 1W4","403-690-1059","403-350-8194","onormandeau@yahoo.com","http://www.summitdynamics.com","1957-02-01"
"Huey","Swartzbeck","Southern Idaho Pipe & Stl Corp","652 Pacific Hwy","Edmonton","AB","T5C 3M1","780-833-7024","780-277-9997","huey_swartzbeck@swartzbeck.org","http://www.southernidahopipestlcorp.com","1966-02-09"
"Melvin","Clozza","Milt Charno & Assoc Inc","8794 34th Ave","Drummondville","QC","J2B 3S8","819-418-3496","819-482-5865","melvin.clozza@clozza.org","http://www.miltcharnoassocinc.com","1991-07-30"
"Essie","Montalgo","Artistic Gifts Inc","9 3rd St","Welshpool","NB","E5E 1G8","506-785-2719","506-849-4017","","http://www.artisticgiftsinc.com","1951-03-10"
"Shay","Benavente","Raby, Paul Ed","571 Maiden Ln #7","Brossard","QC","J4X 1J9","450-806-3050","450-206-4846","shay.benavente@hotmail.com","http://www.rabypauled.com","1958-04-08"
"Ruby","Mckeon","Qualex Inc","637 Wright Rd","Coquitlam","BC","V3K 2P4","604-553-2468","604-317-7478","ruby_mckeon@yahoo.com","http://www.qualexinc.com","1983-12-01"
"Caren","Cupit","Personal Christianity Chapel","1770 Mission Ave","Calgary","AB","T3H 2S3","403-344-3614","403-519-4344","c.cupit@cox.net","http://www.personalchristianitychapel.com","1993-04-24"
"Frank","Neelon","Preferred Service Group Inc","2583 Lincoln Blvd","Cambridge","ON","N1S 1A7","519-823-9369","519-225-9969","f.neelon@cox.net","http://www.preferredservicegroupinc.com","1971-06-21"
"Lasandra","Sarchet","Jmr Marketing & Graphics Corp","1 Highway 71 S","Abbotsford","BC","V2S 2G5","604-210-7413","604-366-8983","lasandras@hotmail.com","http://www.jmrmarketinggraphicscorp.com","1955-07-23"
"Sommer","Meinen","Bliss & Nyitray Inc","1309 Pitney Rd","Saint-Hubert","QC","J3Y 4R3","450-777-9643","450-890-4500","s.meinen@cox.net","http://www.blissnyitrayinc.com","1969-10-27"
"Gretchen","Kazar","Nendels Inn/renton","809 W Bayshore Rd","Trail","BC","V1R 4Y2","250-617-7197","250-339-8016","gretchen.kazar@hotmail.com","http://www.nendelsinnrenton.com","1971-03-08"
"Providencia","Lippoldt","Pond, William S Md","83 Magnavox Way","Ottawa","ON","K2C 2V1","613-256-5226","613-926-6903","providencia@aol.com","http://www.pondwilliamsmd.com","1960-05-01"
"Lindsey","Berson","Western States Petroleum Inc","87 Via Contenta","West Kelowna","BC","V1Z 2J2","250-387-4636","250-720-2097","lindsey.berson@aol.com","http://www.westernstatespetroleuminc.com","1967-12-17"
"Romana","Marushia","Sparta Engrg & Land Co Inc","986 Whitaker Way","Moncton","NB","E1A 6P3","506-310-3728","506-411-4545","romana_marushia@gmail.com","http://www.spartaengrglandcoinc.com","1952-09-09"
"Nobuko","Capiga","Ads Inc","612 York St","Sarnia","ON","N7V 3X4","519-739-4745","519-909-5200","nobukoc@yahoo.com","http://www.adsinc.com","1964-09-25"
"Shawnna","Garlett","Ef International Lang Schls","4 N Brand Blvd","Orleans","ON","K4A 0V9","613-996-1062","613-366-7946","shawnna_garlett@gmail.com","http://www.efinternationallangschls.com","2001-06-20"
"Doyle","Lamme","Women For Meaningful Summits","48 Market St","Prince George","BC","V2M 1K4","250-227-4140","250-403-8074","doyle_lamme@yahoo.com","http://www.womenformeaningfulsummits.com","1979-07-01"
"Jacinta","Christmann","Orourke, Denis M Esq","1458 W Henry St","Nelson","BC","V1L 1A7","250-203-5054","250-989-4833","jacintac@cox.net","http://www.orourkedenismesq.com","1953-12-13"
"Tawanna","Riviere","Walker, L Mark Esq","380 Main St","Matane","QC","G4W 3G6","418-734-9693","418-227-5560","tawannariviere@riviere.org","http://www.walkerlmarkesq.com","1954-03-28"
"Christa","Perry","Abc Financial Systems","743 Wolfert Ave","Calgary","AB","T2L 2G4","403-461-2407","403-717-1591","christaperry@gmail.com","http://www.abcfinancialsystems.com","1963-04-14"
"Noe","Sheck","Bryant, Julian A Jr","3878 Little John Way","Salt Spring Island","BC","V8K 2T5","250-901-1245","250-491-3336","noe.sheck@cox.net","http://www.bryantjulianajr.com","1970-02-17"
"Ellen","Geitner","Kowall, Carol Esq","32 Marguerite Pky","Edmonton","AB","T6A 0L9","780-720-7927","780-624-5869","e.geitner@cox.net","http://www.kowallcarolesq.com","1988-09-02"
"Tequila","Pattengale","Feldman Co Inc","6173 Landmeier Rd","Richmond Hill","ON","L4C 9T5","905-692-6934","905-353-9085","tequila_pattengale@hotmail.com","http://www.feldmancoinc.com","1963-01-18"
"Tawny","Sams","Bell Mirror & Glass Inc","5 Middletown Blvd","Richmond","BC","V6Y 1L9","604-632-4346","604-611-1211","tsams@sams.com","http://www.bellmirrorglassinc.com","1954-08-08"
"Rosalyn","Lockamy","Elton Iron Co Inc","449 Oakwood Ave","Kingston","ON","K7K 3L3","613-362-7798","613-225-2285","rosalyn.lockamy@aol.com","http://www.eltonironcoinc.com","1956-08-21"
"Noble","Aprigliano","Auto Trim Design","7059 E Kilbourn Ave #252","Tillsonburg","ON","N4G 4Y4","519-346-6651","519-309-8584","noble.aprigliano@aol.com","http://www.autotrimdesign.com","1987-12-24"
"Lucille","Echegoyen","E Z Tel Dirctry Brkrs & Banks","8 General Dr","Nanaimo","BC","V9R 4Z4","250-904-7361","250-296-3277","lucillee@echegoyen.org","http://www.ezteldirctrybrkrsbanks.com","1955-10-18"
"Azzie","Griepentrog","Ruby Mfg & Sales","5518 Whippany Rd","Oakville","ON","L6L 6V2","905-208-4039","905-788-7893","azzie.griepentrog@aol.com","http://www.rubymfgsales.com","1963-07-17"
"Darci","Bresser","Broadside Press","2 Hill Rd","Trois-Rivieres","QC","G8Z 3J2","819-294-4679","819-777-6760","darci.bresser@aol.com","http://www.broadsidepress.com","1958-01-16"
"King","Eggers","Meek & Associates Real Estate","79 Lexington Ave #83","Chicoutimi","QC","G7J 4W9","418-470-4541","418-316-1403","k.eggers@gmail.com","http://www.meekassociatesrealestate.com","1964-03-11"
"Denny","Gilliam","Associated Brokers Inc","339 W 1st St","Montreal","QC","H2Z 1P5","514-224-2722","514-928-4314","dennyg@cox.net","http://www.associatedbrokersinc.com","1993-10-12"
"Anissa","Harnish","Vend Alaska","7635 Run Subdivision","Surrey","BC","V3X 2L5","604-925-4225","604-973-3843","a.harnish@harnish.com","http://www.vendalaska.com","1979-05-16"
"Rosann","Warne","Ramapo Memorial Co","91 Nw 52nd Ave","Mirabel","QC","J7N 2E1","450-474-6397","450-357-6461","rosannw@gmail.com","http://www.ramapomemorialco.com","1979-12-30"
"Jeannine","Geigel","Huetter, Glen A Jr","7767 W Central Ave #2","Truro","NS","B2N 6J6","902-811-1450","902-423-9598","jeannine.geigel@gmail.com","http://www.huetterglenajr.com","1951-09-17"
"Lashaun","Tomasic","Gerald A Coniglio Md/facs","894 Feather River Blvd","Edmonton","AB","T6L 4W9","780-751-5370","780-433-1426","l.tomasic@yahoo.com","http://www.geraldaconigliomdfacs.com","1974-08-14"
"Miesha","Kratt","Nabisco Inc","2 Executive Blvd","Espanola","ON","P5E 1C1","705-646-4992","705-887-2415","miesha.kratt@yahoo.com","http://www.nabiscoinc.com","1992-02-07"
"Marva","Wieand","Rabin, Daniel S Esq","1 N Main St #16","Etobicoke","ON","M9A 0A5","416-494-3939","416-280-4764","marvaw@wieand.com","http://www.rabindanielsesq.com","1958-01-13"
"Dion","Unruh","National Compugraphix Inc","44 S Highland Dr","Albanel","QC","G8M 3P2","418-212-6756","418-702-5515","dion.unruh@hotmail.com","http://www.nationalcompugraphixinc.com","1964-02-04"
"Hassie","Massanet","Eisen, Lisa","958 Airline Dr","Valley","NS","B6L 2X2","902-210-1513","902-488-5113","hassie_massanet@yahoo.com","http://www.eisenlisa.com","1978-10-01"
"Jin","Sarkin","Arens Publications & Printing","18 Cameron St","Etobicoke","ON","M9C 2W4","416-463-6411","416-752-6995","jin_sarkin@aol.com","http://www.arenspublicationsprinting.com","1960-05-01"
"Demetra","Wehrwein","Irvine, Stephanie B Esq","79 E Jackson St","Sherbrooke","QC","J1K 1C5","819-858-7901","819-901-7854","d.wehrwein@gmail.com","http://www.irvinestephaniebesq.com","1996-07-29"
"Irene","Dishong","Bilicic, Kimberly A Esq","45 19th St","Lyttleton","NB","E9E 1Y1","506-251-3150","506-991-8808","i.dishong@gmail.com","http://www.bilicickimberlyaesq.com","1994-12-22"
"Colton","Abramovitz","Willow Foods Inc","305 Industrial Blvd","Oakville","ON","L6H 6M8","905-796-8265","905-477-4223","colton_abramovitz@abramovitz.com","http://www.willowfoodsinc.com","1976-03-30"
"William","Pacholec","Boland, William T Jr","1434 Ash St","Trochu","AB","T0M 2C0","403-251-6126","403-444-7192","william.pacholec@aol.com","http://www.bolandwilliamtjr.com","1963-04-07"
"Shannan","Lablanc","Golden West Machine Inc","6 S San Marcos Rd","North York","ON","M2N 2B8","416-266-5891","416-311-5786","shannan.lablanc@yahoo.com","http://www.goldenwestmachineinc.com","1961-11-04"
"Shelba","Kotow","Mccarn Enterprises Inc","56 Washington Rd","Halifax","NS","B3K 2C1","902-654-7334","902-472-5783","shelba.kotow@aol.com","http://www.mccarnenterprisesinc.com","1996-05-30"
"Dorcas","Catalina","Tradition Music Co","8899 E Slauson Ave","Mississauga","ON","L5M 4A7","905-860-8703","905-269-7682","dorcas.catalina@aol.com","http://www.traditionmusicco.com","1955-12-09"
"Rochell","Mattia","Img Scene Internet Multimedia","142 E 57th Ave #2","Amqui","QC","G5J 1E2","418-362-9768","418-405-7721","r.mattia@yahoo.com","http://www.imgsceneinternetmultimedia.com","1987-08-14"
"Amber","Mackedanz","Rose & Co Management Cnslnts","41 Augusta Hwy","Richmond","BC","V6X 3S2","604-864-2113","604-902-5812","amberm@mackedanz.org","http://www.rosecomanagementcnslnts.com","1992-11-22"
"Stefanie","Magathan","Cheyenne Business Equipment","985 Joyce St","Surrey","BC","V3R 4T5","604-833-9067","604-290-6830","stefaniem@magathan.org","http://www.cheyennebusinessequipment.com","1965-01-25"
"Kenia","Lovero","Marc Hotels & Resorts Inc","611 Grand Ave","Calgary","AB","T2J 1Y3","403-341-7208","403-217-4166","kenia.lovero@lovero.org","http://www.marchotelsresortsinc.com","1982-04-27"
"Jacquline","Robinault","Gwinn, Malcolm S Esq","647 S Rainbow Blvd Bldg #4577","Cap-aux-Meules","QC","G4T 1M6","418-682-7368","418-860-7541","j.robinault@cox.net","http://www.gwinnmalcolmsesq.com","1975-12-08"
"Lavina","Morgan","Environmental Data Resources","2719 N Delaware St","Anjou","QC","H1M 1X5","514-842-3549","514-309-7294","lavina_morgan@gmail.com","http://www.environmentaldataresources.com","1978-10-24"
"Billi","Bala","Bogart, Edward J Esq","71 Linden Ave","Surrey","BC","V3W 9G2","604-458-2387","604-624-1119","billi_bala@gmail.com","http://www.bogartedwardjesq.com","1980-10-06"
"Aron","Michon","Huber, J R Esq","9 Park St","Chilliwack","BC","V2P 3X4","604-637-3549","604-910-5870","aron.michon@cox.net","http://www.huberjresq.com","1990-04-26"
"Annice","Lillywhite","Computer Services","430 State Route 10 #7548","Sherbrooke","QC","J1N 0H6","819-342-1651","819-685-5153","a.lillywhite@hotmail.com","http://www.computerservices.com","1960-03-11"
"Hyun","Krivanec","V R Food Equipt Sales Inc","8718 N 13th Ave","Chatham","ON","N7L 5C4","519-287-4120","519-450-3369","hkrivanec@hotmail.com","http://www.vrfoodequiptsalesinc.com","1975-09-07"
"Shala","Latif","Plaza Inn","4956 Midway Rd #65","Fatima","QC","G4T 2N4","418-823-9061","418-311-3882","s.latif@latif.com","http://www.plazainn.com","1985-03-23"
"Shasta","Lagos","Rob Young Ldo","71 West Ave","Sault Ste. Marie","ON","P6C 2C8","705-531-2796","705-277-5384","s.lagos@lagos.org","http://www.robyoungldo.com","1974-03-27"
"Wenona","Fode","Weinbren, Don B Esq","7 Ramon Rd","Beloeil","QC","J3G 2C1","450-751-1928","450-619-1328","w.fode@yahoo.com","http://www.weinbrendonbesq.com","1979-11-20"
"Marla","Hubbell","Peking Garden","922 Railroad Ave #7063","Lachine","QC","H8R 1R7","514-872-9323","514-803-7622","marlahubbell@yahoo.com","http://www.pekinggarden.com","1970-07-01"
"Myra","Perera","Evans, Gerald H Esq","5661 Harding St","Montmagny","QC","G5V 1N6","418-930-7475","418-341-2016","mperera@yahoo.com","http://www.evansgeraldhesq.com","1965-09-11"
"Lawanda","Hair","Houma Fabricators Inc","92 A Glenneyre Ave","Cranbrook","BC","V1C 4E3","250-226-8113","250-239-2228","l.hair@cox.net","http://www.houmafabricatorsinc.com","1980-10-27"
"Curt","Prinkey","Bowden, Mona M Esq","5 Westbranch Dr #36","Saskatoon","SK","S7M 3S3","306-739-3437","306-337-6391","curt.prinkey@prinkey.org","http://www.bowdenmonamesq.com","1987-10-27"
"Susy","Polino","Weiner, Sheldon Md","6 N Town East Blvd","Calgary","AB","T2X 0J3","403-571-8756","403-470-2657","susy_polino@polino.com","http://www.weinersheldonmd.com","1959-09-01"
"Kathrine","Brennick","Davis, Maxon R Esq","100 Rombouts Ave","Halifax","NS","B3N 2X2","902-500-1564","902-523-2488","kathrine_brennick@brennick.com","http://www.davismaxonresq.com","1989-09-15"
"Oneida","Aja","Katherine Goldman Pc","5 E King St #6","Victoriaville","QC","G6T 1N5","819-511-9240","819-899-6940","oneida.aja@cox.net","http://www.katherinegoldmanpc.com","1991-02-28"
"Allene","Huelse","M T I Corp","7167 Bethlehem Pike #80","Etobicoke","ON","M9P 1J9","416-681-6822","416-806-8070","a.huelse@aol.com","http://www.mticorp.com","1973-11-19"
"Leonardo","Dobler","Jacks, Gerald H Esq","80 Wisconsin Ave","Calgary","AB","T2L 1X5","403-328-5056","403-988-3938","l.dobler@dobler.com","http://www.jacksgeraldhesq.com","1988-07-14"
"Nakisha","Kuechler","Builders General Supply Co","8265 W Camelback Rd","Lethbridge","AB","T1H 6T3","403-513-9660","403-207-3764","nakisha.kuechler@gmail.com","http://www.buildersgeneralsupplyco.com","1972-05-18"
"Stephanie","Kasperek","Gaber Nyman & Co","45 S Cedar Ridge Dr","Lloydminster","SK","S9V 1T4","306-510-5011","306-312-8273","stephanie_kasperek@yahoo.com","http://www.gabernymanco.com","1969-04-25"
"Florinda","Heinricher","Janik, Frank J Iii","6096 N Michigan Ave","Gatineau","QC","J8P 4L6","819-820-6568","819-888-4209","f.heinricher@heinricher.com","http://www.janikfrankjiii.com","1960-08-23"
"Merri","Kraatz","Juniata College","4 Beaverbrook Rd","Winnipeg","MB","R2P 2J7","204-894-9221","204-710-5400","m.kraatz@kraatz.org","http://www.juniatacollege.com","1953-05-01"
"Malcom","Berggren","Weso Radio Station","548 Midland Ave","Windsor","ON","N8T 1V1","519-334-1058","519-795-5709","malcom.berggren@gmail.com","http://www.wesoradiostation.com","1990-02-06"
"Louvenia","Nickelson","L M Mccown & Son Co","6 Friendship Dr #5055","Prince Albert","SK","S6V 6A4","306-256-9309","306-636-7201","lnickelson@aol.com","http://www.lmmccownsonco.com","1984-05-06"
"Alita","Twyman","Medicine Shoppe","5 S Gage St #6175","Kenora","ON","P9N 1K7","807-289-5397","807-686-6411","alita_twyman@gmail.com","http://www.medicineshoppe.com","1976-08-22"
"Noemi","Klukken","Lafayette Apprl Producers Inc","18 Nw 6th St","Sault Ste. Marie","ON","P6B 2W6","705-414-4712","705-511-8123","noemik@klukken.com","http://www.lafayetteapprlproducersinc.com","1991-08-02"
"Nydia","Landman","C C Industries","5 Pittsford Victor Rd","Edmonton","AB","T5V 1M7","780-924-8022","780-910-8459","nydia_landman@landman.com","http://www.ccindustries.com","1964-04-24"
"Hana","Dini","Whitehead, David Barry Esq","6 E Rand Rd #73","Calgary","AB","T2J 1G9","403-696-7108","403-666-1982","hana.dini@hotmail.com","http://www.whiteheaddavidbarryesq.com","1971-02-15"
"Noel","Dewer","Market Decisions Inc","91 E Cary St","Camrose","AB","T4V 2Y4","780-447-2249","780-642-7492","noel_dewer@gmail.com","http://www.marketdecisionsinc.com","1988-08-04"
"Brice","Miyata","Maryland Match Corp","5 New Circle Rd Ne","Belleville","ON","K8N 1R9","613-631-9322","613-763-3880","brice.miyata@gmail.com","http://www.marylandmatchcorp.com","1980-12-05"
"Nguyet","Phibbs","Institute For Human Dev","68 Nw Raleigh St #88","Red Deer","AB","T4N 2H5","403-883-4097","403-244-5802","n.phibbs@gmail.com","http://www.instituteforhumandev.com","1966-12-23"
"Janae","Arand","Park Avenue Audio Inc","8 S Mcmullen Dr #38","Ajax","ON","L1T 1R5","905-501-5086","905-960-1879","janae.arand@cox.net","http://www.parkavenueaudioinc.com","1969-02-25"
"Darrel","Petermeier","Alliedsignal Engines","6 N Volusia Ave #2","Baie-Sainte-Anne","NB","E9A 1P1","506-839-5378","506-861-3998","d.petermeier@hotmail.com","http://www.alliedsignalengines.com","1995-06-13"
"Genevieve","Borlace","J & M Janitorial Supplies","5 Cedar St","Sault Ste. Marie","ON","P6B 5Y9","705-467-4142","705-764-8815","g.borlace@yahoo.com","http://www.jmjanitorialsupplies.com","1954-08-03"
"Giovanna","Benauides","Rumford Aquarium Inc","71 S Newtown St","North Vancouver","BC","V7M 3J6","604-203-8085","604-451-5124","giovannabenauides@gmail.com","http://www.rumfordaquariuminc.com","1951-06-17"
"Shelton","Titzer","Bell, David M Esq","4 Bloomfield Ave #5","Brandon","MB","R7B 1N3","204-364-5889","204-941-7224","shelton.titzer@aol.com","http://www.belldavidmesq.com","1950-02-05"
"Alison","Mcspedon","Walter Jerome Inc","841 N Monroe St","Belleville","ON","K8N 2W3","613-862-3122","613-259-2601","a.mcspedon@mcspedon.org","http://www.walterjeromeinc.com","1975-12-14"
"Maynard","Metzner","Larkin, Jay Robert Esq","5094 Poway Rd","Vancouver","BC","V5X 4K1","604-875-7745","604-708-6687","maynard.metzner@metzner.org","http://www.larkinjayrobertesq.com","1996-02-28"
"Timothy","Darbro","Purdy, Angeline Esq","43 Winnetka Ave","Toronto","ON","M4C 3Y1","416-521-5624","416-250-5767","timothy.darbro@yahoo.com","http://www.purdyangelineesq.com","1954-01-27"
"Viola","Hankison","Hales Corners Village Printing","51 S Hulen St","Grand Manan","NB","E5G 3A8","506-772-3108","506-649-5102","viola.hankison@cox.net","http://www.halescornersvillageprinting.com","1994-09-04"
"Luann","Tibbles","Macnaughton Einson Graphics","5 Goddard Rd","Montreal","QC","H2S 2G9","514-578-7262","514-640-1941","luann_tibbles@cox.net","http://www.macnaughtoneinsongraphics.com","1977-02-17"
"Mable","Lowther","Detroit Newspapers","7 Woodbridge Ave","Toronto","ON","M6P 2V5","416-867-5879","416-871-4317","mable_lowther@yahoo.com","http://www.detroitnewspapers.com","1973-07-21"
"Sabine","Beilinson","Westerman, Bryan","48 Lower Ragsdale Dr #1349","Brampton","ON","L6W 1A8","905-586-1138","905-717-7451","sabine.beilinson@hotmail.com","http://www.westermanbryan.com","1968-09-13"
"Dolores","Gunyan","Auto Exchange","80 S Beckley St","Fredericton","NB","E3B 2P9","506-216-2028","506-284-7449","d.gunyan@gunyan.com","http://www.autoexchange.com","1959-12-07"
"Hannah","Isachsen","Confish Inc","3314 Hawthorne St","Oakville","ON","L6L 3G9","905-543-3967","905-828-9745","hannah_isachsen@isachsen.org","http://www.confishinc.com","1996-02-29"
"Sonia","Oliverson","Kinkos Copies","924 W Saint Mary Blvd","Deer Lake","NL","A8A 2A6","709-512-6346","709-699-3892","soniao@cox.net","http://www.kinkoscopies.com","2000-02-03"
"Cletus","Thigpen","Fewel Northwest Inc","9713 Wilbur Ave #163","Edmonton","AB","T6P 1K3","780-674-7330","780-675-7361","cthigpen@thigpen.com","http://www.fewelnorthwestinc.com","2000-01-13"
"Asha","Prothro","Ducson Sportswear Inc","4 Gray Ave","Saint-Stanislas","QC","G8L 7B6","418-470-9730","418-997-7008","asha.prothro@prothro.com","http://www.ducsonsportswearinc.com","1962-12-16"
"Verlene","Aitken","Capital Environ Drill Svc Inc","8528 A Park Rd","Brampton","ON","L6P 0X3","905-486-5455","905-421-9573","verlene_aitken@cox.net","http://www.capitalenvirondrillsvcinc.com","1953-12-07"
"Yesenia","Amazan","Basque Plastics Corp","1262 W 19th St","Janeville","NB","E2A 5K7","506-858-9797","506-709-4563","yesenia_amazan@amazan.com","http://www.basqueplasticscorp.com","1996-04-18"
"Tayna","Castillanos","Bailey, Lesli Esq","99 Garfield Ave #370","Burlington","ON","L7R 3Y8","905-334-8817","905-989-2244","tcastillanos@castillanos.com","http://www.baileylesliesq.com","1950-03-21"
"Verona","Staiano","M C Green & Sons","9041 Grand Plaza Plac","Montreal","QC","H3V 1E3","514-842-7487","514-879-3678","","http://www.mcgreensons.com","1972-08-26"
"Denae","Hagen","Brookwood Inn","475 S Figueroa St","Winnipeg","MB","R2K 3B5","204-341-2445","204-723-2394","denae.hagen@yahoo.com","http://www.brookwoodinn.com","1991-06-29"
"Rikki","Groom","Emergency Management","7 Lagrange St #10","Montreal","QC","H2K 3M3","514-472-6857","514-563-2884","r.groom@groom.org","http://www.emergencymanagement.com","1953-11-10"
"Nan","Shufelt","Kates Boylston Publicatns Inc","16 Ridge Center","London","ON","N5Y 5M9","519-928-8049","519-430-6684","","http://www.katesboylstonpublicatnsinc.com","1985-11-13"
"Sherell","Mrkvicka","Colonial Color Corp","66 62nd St #30","Surrey","BC","V3R 6N7","604-344-4458","604-936-4021","s.mrkvicka@gmail.com","http://www.colonialcolorcorp.com","1978-10-20"
"Coral","Rabuse","Barbour, Michael J Esq","15 Ludlow Ave #156","Boucherville","QC","J4B 1R5","450-480-7421","450-246-6043","crabuse@cox.net","http://www.barbourmichaeljesq.com","1967-07-26"
"Phyliss","Frayer","Best Western Doublewood Inn","672 Neil Armstrong St #59","Lethbridge","AB","T1K 2L9","403-540-2604","403-247-1100","phyliss_frayer@frayer.com","http://www.bestwesterndoublewoodinn.com","1980-10-01"
"Jesse","Tumolillo","Mt Plsnt Dly Tribune Sunday","1 E Gabilan St","Burlington","ON","L7T 3Y9","905-356-4735","905-744-5778","j.tumolillo@tumolillo.com","http://www.mtplsntdlytribunesunday.com","1976-09-09"
"Latonia","Perugini","Gebhardt & Smith","6325 Statesville Rd","Brampton","ON","L6V 4R8","905-723-5674","905-209-4309","l.perugini@perugini.com","http://www.gebhardtsmith.com","1971-08-04"
"Aimee","Rigazio","Cdm Transportation","7 N Wacker Dr #42","Ottawa","ON","K1K 0K4","613-804-8102","613-832-9403","aimee.rigazio@rigazio.org","http://www.cdmtransportation.com","1969-04-26"
"Marcelle","Drizin","Butler, Frank B Esq","76 N Harlem Ave","Stoney Creek","ON","L8E 4S4","905-817-1934","905-209-2680","marcelle.drizin@aol.com","http://www.butlerfrankbesq.com","1979-04-28"
"Ilda","Suero","Secaucus Guide Book","80 Ringwood Ave #7","St. Albert","AB","T8N 1L5","780-830-2958","780-287-2408","i.suero@yahoo.com","http://www.secaucusguidebook.com","1974-01-01"
"Aileen","Loud","Stamper, Gerald Esq","8 Wilfong Ln","North York","ON","M2N 2T3","416-390-4510","416-717-1243","a.loud@gmail.com","http://www.stampergeraldesq.com","1976-08-16"
"Davida","Bastain","Conway, John J Esq","8881 Hopkins St","Sainte-Sophie","QC","J5J 2B5","450-375-8192","450-274-3903","davida.bastain@bastain.com","http://www.conwayjohnjesq.com","1974-01-10"
"Beata","Verso","Jay N Bee Office Solutions Ltd","19 Torresdale Ave #58","Victoria","BC","V8X 1R2","250-808-6765","250-421-9805","beatav@yahoo.com","http://www.jaynbeeofficesolutionsltd.com","1983-01-19"
"Angelyn","Vanhuss","Edith Flagg Inc","79 Craig Rd","Brampton","ON","L6X 0E3","905-838-3914","905-637-2696","angelynv@cox.net","http://www.edithflagginc.com","1983-02-21"
"Claudio","Coughlan","Blatt, Harold G Esq","432 Eastman Ave","Calgary","AB","T3L 2H1","403-481-8843","403-734-2361","claudio_coughlan@aol.com","http://www.blattharoldgesq.com","1991-11-27"
"Krystal","Eisert","Shell Western Hills","9 Garcia Ave #38","Scarborough","ON","M1C 1N8","416-712-8230","416-253-3534","krystale@eisert.com","http://www.shellwesternhills.com","1968-03-04"
"Adela","Leuthold","Fpa Corp","128 W Kellogg Dr","Burnaby","BC","V5B 4L5","604-571-8392","604-693-8094","adela.leuthold@leuthold.com","http://www.fpacorp.com","1953-12-20"
"Ryan","Quinones","Citrus Power Equipment","7827 Commercial St Se #37","Regina","SK","S4V 3B8","306-621-2626","306-246-7105","ryan.quinones@hotmail.com","http://www.citruspowerequipment.com","1961-06-03"
"Edmond","Bubrig","Eden Bail Bond Information Ctr","67 N Washington Ave #960","Saint-Eustache","QC","J7P 1A5","450-829-7834","450-808-1619","edmond_bubrig@cox.net","http://www.edenbailbondinformationctr.com","1981-12-31"
"Catina","Wardle","Noack & Dean Ins Agtts & Brkrs","19 Distribution Way","Thunder Bay","ON","P7C 4H3","807-652-2563","807-393-4181","catinaw@gmail.com","http://www.noackdeaninsagttsbrkrs.com","1965-12-08"
"Milly","Coin","Schell, Eric F Esq","20 Fort Campbell Blvd #4792","Wetaskiwin","AB","T9A 3K1","780-799-6418","780-944-4851","milly_coin@aol.com","http://www.schellericfesq.com","1961-06-04"
"Jules","Dermo","Eberhard Mfg Co Div Estrn Co","1 Parkfair Dr #1219","Mississauga","ON","L5C 1L3","905-929-8054","905-671-9830","jules_dermo@dermo.com","http://www.eberhardmfgcodivestrnco.com","1987-01-13"
"Denna","Knavel","Cptal Meats & Provisions Co","1736 Us Highway 19n N #6","Saint-Jean-sur-Richelieu","QC","J3B 0C5","450-409-1005","450-752-3781","d.knavel@gmail.com","http://www.cptalmeatsprovisionsco.com","1988-01-13"
"Willetta","Mcduffie","Alpha Services Co","578 E Us Highway 36 #3","Membertou","NS","B1S 2P3","902-981-7382","902-906-9598","willetta.mcduffie@hotmail.com","http://www.alphaservicesco.com","1986-10-06"
"Johna","Pickle","Park Metal Inc","1724 W Dodge Rd","Edmonton","AB","T6K 4E5","780-994-6272","780-550-9766","johna.pickle@aol.com","http://www.parkmetalinc.com","2000-06-16"
"Ollie","Cesa","Redemann, Robert P Esq","1 W 8th","Etobicoke","ON","M9W 3W4","416-762-4001","416-291-7332","ollie_cesa@gmail.com","http://www.redemannrobertpesq.com","2000-10-11"
"Sherly","Michelle","Stangels Financial Services","8 Cochise Trl","Sydney","NS","B1P 1C1","902-480-3185","902-389-5380","sherly_michelle@gmail.com","http://www.stangelsfinancialservices.com","1965-05-14"
"Kindra","Riesgraf","Mcclanathan, Peter D Esq","4 Sutton Ln","Nepean","ON","K2E 6A5","613-510-3295","613-620-3122","kindrariesgraf@hotmail.com","http://www.mcclanathanpeterdesq.com","1971-10-05"
"Vanda","Choice","Oklahoma Ford Power Products","7 Shetland Ct","Kimberley","BC","V1A 2M7","250-605-3501","250-603-4234","vchoice@choice.com","http://www.oklahomafordpowerproducts.com","1994-07-06"
"Marshall","Bigaud","Mpw Communities Of N J","526 Main St","Calgary","AB","T2M 4H2","403-918-5509","403-247-8676","marshall.bigaud@aol.com","http://www.mpwcommunitiesofnj.com","1960-08-13"
"Kelvin","Skahan","Orourke, Denise Michelle Esq","18 Duluth St","Edmonton","AB","T5M 4A7","780-227-7373","780-756-7823","kskahan@aol.com","http://www.orourkedenisemichelleesq.com","2001-07-05"
"Darrin","Zeanah","Milton Daily Standard","35 Peconic Ave #4","Boucherville","QC","J4B 3Y4","450-536-7426","450-609-7284","darrinz@zeanah.com","http://www.miltondailystandard.com","1969-10-24"
"Susana","Planty","Kinkos Copies","7 S Quebec","Windsor","ON","N9E 2G5","519-491-9261","519-394-8785","s.planty@gmail.com","http://www.kinkoscopies.com","1993-02-02"
"Wilson","Rautenstrauch","Brobeck Phleger & Harrison","74 Se 3rd Ave #1494","North York","ON","M2J 3W5","416-376-7867","416-595-9807","wilson.rautenstrauch@rautenstrauch.com","http://www.brobeckphlegerharrison.com","1954-01-07"
"Malissa","Rieg","Stafford, William P Ii","3 Bush St","Saint John","NB","E2M 2N5","506-724-2777","506-251-4329","malissa.rieg@hotmail.com","http://www.staffordwilliampii.com","2000-12-15"
"Tandra","Flipp","Stony Creek Apartments","629 105th Ave","Hamilton","ON","L9C 3G2","905-715-9339","905-844-6061","t.flipp@aol.com","http://www.stonycreekapartments.com","1990-07-09"
"Lorean","Lorenz","Arizona Store Equipment","58 Executive Dr","Regina","SK","S4S 3Y3","306-854-5060","306-553-6554","l.lorenz@hotmail.com","http://www.arizonastoreequipment.com","1953-05-12"
"Desirae","Demus","L & P Construction","200 W Bijou St #6013","Calgary","AB","T2C 0Z5","403-405-2804","403-654-5087","d.demus@aol.com","http://www.lpconstruction.com","1969-07-17"
"Delsie","Begin","Bacompt","2 Us Highway 206","English Settlement","NB","E6B 2J9","506-795-5209","506-336-7043","delsie_begin@begin.com","http://www.bacompt.com","1958-08-04"
"Mabel","Frisinger","Tarkett Inc","8570 E 8th St","Winnipeg","MB","R2K 0Y2","204-285-3978","204-272-6023","m.frisinger@cox.net","http://www.tarkettinc.com","1978-06-30"
"Marnie","Nedman","Century 21 Twin Oaks Rlty Inc","3068 N Interstate 35","Winnipeg","MB","R2V 3G6","204-904-1386","204-501-8129","m.nedman@cox.net","http://www.centurytwinoaksrltyinc.com","1950-07-16"
"Rene","Arnoldi","Cohen, Mortimer S Esq","4241 Tapp St","Calgary","AB","T3Z 1H1","403-438-9257","403-894-8420","rene.arnoldi@arnoldi.com","http://www.cohenmortimersesq.com","1990-07-25"
"Trevor","Braseth","Meraglio, Ruissell J Jr","99 Hart St","Dartmouth","NS","B2Y 1G7","902-782-2576","902-641-1009","tbraseth@braseth.org","http://www.meraglioruisselljjr.com","1964-05-13"
"Sharmaine","Edmison","Stritzel Awning Svc","1822 Guilford Rd","Saint-Basile","NB","E7C 2L8","506-839-1630","506-707-6566","sharmaine.edmison@yahoo.com","http://www.stritzelawningsvc.com","1992-11-30"
"Ricki","Wida","Collins, Frederick H Esq","995 Concord Rd","Montreal","QC","H3J 1S4","514-657-1920","514-784-4720","ricki.wida@wida.com","http://www.collinsfrederickhesq.com","1951-07-14"
"Bernadine","Bothe","Mulligan, Thomas O Esq","3 Main St","Sudbury","ON","P3C 2X6","705-693-2982","705-715-3024","bernadine_bothe@hotmail.com","http://www.mulliganthomasoesq.com","1956-08-12"
"Shad","Russi","City Judge","7995 Douglas Rd E #6","Lloydminster","AB","T9V 2M7","780-953-3852","780-872-1107","s.russi@russi.com","http://www.cityjudge.com","1970-03-30"
"Kenneth","Kaea","Dodson, Mac Pa","965 Bryant St","St Martins","NB","E5R 1G5","506-763-6456","506-220-8258","kenneth.kaea@gmail.com","http://www.dodsonmacpa.com","1960-01-18"
"Marleen","Waska","Welsch Metal Products Inc","2863 Brooklyn Terminal Mkt","Abbotsford","BC","V2S 4M2","604-545-3662","604-469-6870","m.waska@hotmail.com","http://www.welschmetalproductsinc.com","2001-12-03"
"Joaquin","Maikoksoong","Cellular One","6410 E State Hwy","Calgary","AB","T2K 4M8","403-640-8755","403-999-6332","j.maikoksoong@gmail.com","http://www.cellularone.com","1993-03-25"
"Slyvia","Shivers","Finchers Findings","4895 Country Club Rd","Quebec","QC","G1K 5J8","418-913-7998","418-917-4111","slyvia_shivers@aol.com","http://www.finchersfindings.com","1958-01-04"
"Kris","Oien","U S Tsubaki Inc","43 Gateway Blvd","Brampton","ON","L7A 2E8","905-848-5458","905-860-5785","kris_oien@hotmail.com","http://www.ustsubakiinc.com","1991-11-18"
"Gussie","Tenuta","Cliff Clarks Inc Sales & Serv","881 South St #4","Trenton","ON","K8V 1G7","613-857-7922","613-785-7152","gussie.tenuta@tenuta.org","http://www.cliffclarksincsalesserv.com","1987-12-17"
"Lavelle","Loeza","Schivley, G Gregory","5 S Taylor Ave","La Malbaie","QC","G5A 2R8","418-442-4179","418-719-1723","lavelleloeza@gmail.com","http://www.schivleyggregory.com","1969-04-26"
"Bev","Degennaro","Nicks Printing","6059 Alewa Dr","Surrey","BC","V3X 1X5","604-880-6351","604-342-4113","bev.degennaro@aol.com","http://www.nicksprinting.com","1950-10-04"
"Bette","Delbosque","Nassar, Monique A Esq","345 Broadway St","London","ON","N6K 4J9","519-882-6434","519-206-1305","b.delbosque@cox.net","http://www.nassarmoniqueaesq.com","1976-11-05"
"Lajuana","Kallenberger","Cesena Printg E Side Printg Co","7 W Pine St","Saint-Thomas","QC","J0K 3L0","450-272-6370","450-704-8629","lajuanak@aol.com","http://www.cesenaprintgesideprintgco.com","1971-01-14"
"Shakira","Tindal","Buena Clerk","5470 N Lamar Blvd #542","North Vancouver","BC","V7J 2J9","604-991-8721","604-514-6251","s.tindal@cox.net","http://www.buenaclerk.com","1988-01-05"
"Matt","Bakeley","Bonina, John A Esq","103 E Main St #59","Regina","SK","S4S 5Y2","306-891-2346","306-464-9089","matt_bakeley@bakeley.com","http://www.boninajohnaesq.com","1994-10-18"
"Clemencia","Giglio","Computer System Dynamics","698 N Allen Rd","Montreal","QC","H3J 2N8","514-804-3533","514-427-6426","clemencia_giglio@cox.net","http://www.computersystemdynamics.com","1970-04-03"
"Oliva","Stimac","Kleins Hallmark Cards","1 Broadway St","Dawson Settlement","NB","E4H 2B6","506-672-7328","506-593-5041","oliva_stimac@stimac.org","http://www.kleinshallmarkcards.com","1981-08-07"
"Ranee","Hua","Construction Services Inc","5361 N 500 W #3065","Les Cedres","QC","J7T 3A9","450-700-5970","450-769-7974","ranee_hua@aol.com","http://www.constructionservicesinc.com","1972-08-07"
"Ming","Massay","Dickman, J Scott Esq","4153 Broughton Ave","Victoria","BC","V9A 6P6","250-228-6798","250-224-3850","ming.massay@hotmail.com","http://www.dickmanjscottesq.com","1969-06-29"
"Annice","Wykle","Hering, Glenn Z Esq","5 Falls Rd","Victoria","BC","V8V 2P7","250-727-7309","250-459-4257","","http://www.heringglennzesq.com","1954-04-25"
"Effie","Stockham","Razzoog, Michael E Dds","51 3rd Ave","London","ON","N5W 5G1","519-433-4142","519-589-2250","effie_stockham@aol.com","http://www.razzoogmichaeledds.com","1954-07-15"
"Maricela","Bonventre","Phase One Office Products","865 N Port Ave","Coquitlam","BC","V3E 1Y4","604-568-1899","604-930-7621","maricelabonventre@aol.com","http://www.phaseoneofficeproducts.com","1981-11-01"
"Esteban","Nigl","Midwest Wheel Companies","78 E River","Surrey","BC","V4P 0C4","604-519-9547","604-747-2189","e.nigl@yahoo.com","http://www.midwestwheelcompanies.com","1977-10-19"
"Doretha","Blackmon","Lafave, E Joseph Iii","5106 N Laurel Park Dr","Kenora","ON","P9N 4E7","807-383-4855","807-878-5383","dorethab@gmail.com","http://www.lafaveejosephiii.com","1974-11-17"
"Dorsey","Nitcher","Turley, Joseph M","9768 A Aven #112","Truro","NS","B2N 3P6","902-936-9426","902-336-1190","dnitcher@aol.com","http://www.turleyjosephm.com","2000-06-09"
"Amie","Makley","Motion Industries Inc","24 Venice Rd","Pembroke","ON","K8A 8M7","613-686-9039","613-257-6021","amiemakley@yahoo.com","http://www.motionindustriesinc.com","1961-02-09"
"Bulah","Gerten","Balan Marketing Co","2497 Pennsylvania Ave","Strathroy","ON","N7G 3V5","519-309-5863","519-911-6087","bulah.gerten@cox.net","http://www.balanmarketingco.com","2000-01-28"
"Erin","Lafoy","Curtiss Wright Corp","357 W Mount Royal Ave","Longueuil","QC","J4M 2A8","450-316-7813","450-491-8703","erin.lafoy@aol.com","http://www.curtisswrightcorp.com","1975-11-29"
"Kassandra","Batdorf","Phelps Tool & Die Co Inc","123 Euclid Ave #9396","Nanaimo","BC","V9R 1C9","250-646-6446","250-571-5058","k.batdorf@batdorf.com","http://www.phelpstooldiecoinc.com","1957-12-09"
"Leslee","Bredernitz","Factory Mattress Outlet","1251 E Main St #990","Quebec","QC","G1H 1A6","418-460-5773","418-543-9015","l.bredernitz@yahoo.com","http://www.factorymattressoutlet.com","1976-07-06"
"Daniel","Cisney","Cosgroves N End Plbg & Hdwr Co","259 W 17th St #39","Beresford","NB","E8K 1B7","506-617-2607","506-951-8403","danielc@cox.net","http://www.cosgrovesnendplbghdwrco.com","1961-12-08"
"Antonio","Fower","Mission Lincoln Properties","9 Route 38","Port Coquitlam","BC","V3C 2Z4","604-624-7690","604-966-9833","antonio.fower@fower.com","http://www.missionlincolnproperties.com","1991-08-01"
